,Factor1,Factor2,Factor3,Factor4,Factor5,Factor6,Factor7,Factor8,Factor9,Factor10,Factor11,Factor12,Factor13,Factor14
TCGA-05-4244-01,-2.8681778375672597,-1.253289579172114,1.0220750058071721,1.730619239032008,-0.36793536546319705,-0.17107947598120288,4.222821975025812,3.42328290253144,-1.1301303174623156,-0.805044154347872,-1.3466427210439404,2.2193083044633863,0.7180048159753724,-3.342483445962077
TCGA-05-4249-01,-3.2751283142718832,0.994489903696414,1.2923405786246918,0.9730249730707629,-4.142736346015184,1.2339654823437323,2.85154348549874,-0.16497709224961943,1.8453067444009366,3.125341178146972,-2.843556043441011,1.3842981061691917,2.197229482981017,0.26453922111366696
TCGA-05-4250-01,-1.929176205593882,-1.0383168478714748,-2.7444323567348294,-0.38705170673111977,-0.9901757083982595,-1.8904639528194749,-0.7270400964994879,0.632783453513655,1.1280257529192375,0.8603489247574703,1.9932240399592214,3.221086914122303,0.8004449873704016,0.7866565886328671
TCGA-05-4382-01,-1.4303683101060234,-1.0825672615104014,0.028306647296496797,-2.930915017661999,-1.3132306307534671,-0.9978072624569073,1.3719370445831276,0.6662012753741806,2.613443988981815,-0.07797851282905838,-1.4173155477494048,-1.127812877952817,-3.2810153290886106,1.5821678133663408
TCGA-05-4384-01,-2.533228646156623,0.8081862455262112,1.1359866182625682,-0.8641817886877611,-0.20861256860847804,0.1632169421719102,3.2980381911183767,0.464598035127988,0.8068546383208004,0.9337391321367724,2.5384147680706244,-3.490777999430918,1.857342683053144,1.8812941002988468
TCGA-05-4389-01,-2.0253267583619294,-3.3471781797798115,2.4624320856115354,-0.8786348797441332,-1.14598910934875,-0.28682968687599675,0.9706000012535124,2.8632185299994473,2.471881531438392,1.531368763095575,-0.6245309916961292,-0.35647755909107426,-2.5232492746015285,-3.4455072640900686
TCGA-05-4390-01,-2.451969332446447,-4.731139316680686,1.3508804533250245,10.302929828752,0.43447679233389447,2.7999015963489082,-1.2869613199035128,-2.039642400502254,5.245988753314342,-4.924711776149025,4.434462534117223,0.9637497310108357,-0.6597482374706484,1.9218911468488933
TCGA-05-4395-01,0.011811281012393473,-10.082709003411564,-4.049670570216674,0.9353719388893351,8.126051633155566,-15.18306190245741,4.258648417853407,-1.9998829069343995,-12.793119061961836,3.2045940662949817,-2.8745377074984306,-1.6810577124890393,-0.9335499243470085,1.494579839378902
TCGA-05-4396-01,-2.150852016540478,-0.828933300673747,0.32334595856058224,-2.7859080668043523,2.0411830290397974,2.599679823296719,-2.12196774990917,0.8833006385398829,-3.429468149449536,0.3766633813469179,-0.17231186023881934,-4.994991695103093,2.510271564836411,-2.856219720056837
TCGA-05-4397-01,0.4874009722508536,-1.410262262006102,1.2811810764552283,0.010014076790417624,-4.644928013555985,-2.091233452595558,-4.8470433622150795,4.1618658037684035,2.7740937068869966,2.276335329143736,3.1833331696071676,-3.1629480928950913,2.568642840156148,-3.338154717599852
TCGA-05-4398-01,-2.0421109169073515,-4.594013178868415,-1.3321099285790305,2.397554782553789,-0.5225381956611138,-6.231247729371913,2.609268288604833,-1.3368903809252546,-1.738020573678178,-3.053058496628574,0.5949228520584797,3.707873759244401,-2.2567464116705276,3.5014217421066083
TCGA-05-4402-01,-1.5468420149439162,2.029539218964676,-0.7924283519056963,4.613157606873929,2.082913158394075,-1.5355852144750637,1.9828638532468006,1.2534373341235379,1.5247551546732476,-2.3547143845917655,0.2709044998372109,-0.8436914698522634,0.7285248076350079,-0.13426272011905582
TCGA-05-4403-01,-1.8791126580657582,2.9575747493859343,-2.302734372578834,-0.6955919965894152,1.0018861553608578,-0.5534898107018781,1.0864959688776437,0.7354326783937233,-0.189668431122754,2.881264503301994,1.452411013046322,-0.7428151892056811,2.0176656413501264,-0.384493634290284
TCGA-05-4405-01,-2.8318817621020678,-0.18416725341309406,-0.3271949654442487,0.508710658947142,-2.5971763057295236,-0.8227678022181818,4.73830165784884,1.3964771356928907,-0.004706420925324417,-7.033493001589979,1.269712007671079,-1.5887243435215241,0.2645774345190485,2.5083061354525276
TCGA-05-4410-01,-2.584916996389434,0.3088054680202172,0.6342387853530745,-1.3065565653294007,-1.1232478827664485,-3.6510689499873745,0.8874277621836802,1.5759253344173891,-1.5664888297223714,-1.7363127348487968,0.12185614514391428,2.3178045190861423,-0.3138524820311085,-0.13245142313011476
TCGA-05-4415-01,-0.8925731129448663,-6.400580304355437,-2.16812084129791,-6.369609861241218,3.837328411612014,-1.43629822559614,4.931848822705793,-1.4105213646380599,6.3516606287586965,-7.171865416997188,1.0343971488697887,-2.278775146754382,-2.077224262553648,-0.41096734421072073
TCGA-05-4417-01,-2.0533597250304148,-0.2376439340998943,1.1755781028353978,1.8795444298478132,3.9122389499029944,0.9730245118324404,3.54913905209205,0.9457811716479273,2.9048526358863542,0.8831642686660858,1.7618748883051893,-1.3546898887964964,-4.111009590841434,-0.2678036073333329
TCGA-05-4418-01,-1.1221684485997565,-2.8256869754586282,-2.119348283854114,-2.5378461627027815,2.336396178477525,-1.2537639447081868,-0.04827736631882331,-0.5250155974834853,2.4170798842883463,1.4517377559841078,-1.7515289281490098,1.3067456706654776,-1.9001133154251761,-1.2497223224648804
TCGA-05-4420-01,-0.9059445936733789,-2.7451584769793085,-0.22712649124950426,-0.1853161332965018,3.86620967882966,-1.9624188339996158,-2.4146386047777315,-1.0689024946601426,-1.2161835709700082,-5.0853787316763785,2.8985431655749254,-4.620266449777686,1.2373475277779165,1.3861527967203755
TCGA-05-4422-01,-3.6667925147510863,-4.354023937226314,3.59983042837183,1.1767995571158356,-0.8243060486494224,1.7268469938404105,1.1491222761932118,2.3561937901894683,0.9712545956533173,2.2837600392396786,-1.7500179031862209,1.1634875727284184,-1.4380403185921165,-1.5293640623087321
TCGA-05-4424-01,-1.7034950438242147,1.3491634526396705,2.3203874604236545,-0.7257352291606958,-0.1337426368950165,2.4345585020519622,-0.6694330825118611,0.7324524931868165,-1.2415504476035897,1.5658789640597557,1.005937325593969,-1.1042084354515986,-1.436122921932781,0.2963361891236895
TCGA-05-4425-01,-2.4472419509830363,0.1476379791628425,-2.773042049838226,3.6362487820042,-2.5608901998228117,1.5813171689924974,-2.186224055591444,0.179481365652091,1.1289896787522582,2.0364228839800207,3.763778475205312,-0.32018789822662663,1.1590360014419576,0.6151929992869064
TCGA-05-4426-01,-2.0046745552690766,1.1280368874150297,-2.0424341873265894,-3.8992994172508086,1.231663524468399,3.4856205177022503,-1.5828720825438767,2.1688686759081617,-6.90489726138188,0.056801911630259064,0.6801020477691203,0.20103129056711197,1.6470419025395995,-4.186082700480274
TCGA-05-4427-01,-2.0136808325038813,-4.878489395576824,-0.1498768125745471,-1.9347057527541374,-4.560262765781974,-1.508581690176873,-1.486254103793001,2.8311283360549284,0.391205267951436,3.716822954104685,-2.543568867613138,0.011605923139689858,-0.790823833760699,0.6877898688151607
TCGA-05-4430-01,-1.917408113769311,3.7883348231652363,1.386472651043229,-0.9844008594295142,-1.1251291933444705,-0.3054817380013111,2.668219635555278,1.32398943556328,-3.3187868804774228,0.39619931135576936,-2.331783000867522,0.39889821943071685,-0.2380095188188242,-1.9110088887236103
TCGA-05-4432-01,-2.7230803654413074,-3.2904751634313354,4.692416880628709,-0.3802132042483715,-5.409606892133337,0.8840805678871172,0.9042284593570371,-1.2007537233949241,3.6336002368890745,0.39303705204538536,-5.543651885152985,0.7899599469822968,-2.169129178548936,2.334879762424052
TCGA-05-4433-01,-2.1612966496893913,1.1436312662588808,-1.251456769752926,-1.4566914731055949,1.3238727696224484,-0.7385613485726766,-0.42339213695216704,0.7569735849449367,0.6326715603896643,2.9359800214864697,1.8624559484639376,-1.162563576272568,1.2423191907254258,-1.2421541090553971
TCGA-05-4434-01,-1.541401257898227,3.3340452863015053,-1.4382628903415882,1.4401847927790308,-0.2670402452704152,-1.4703051973221308,-1.2912510420975312,0.8296781227338632,1.2857085275339153,0.5580715311740829,-1.6699825996708606,1.4613742979160722,-0.5506921620464598,-1.1398262572333755
TCGA-05-5420-01,-2.2040082647640555,-2.4001669960150673,-2.045360962478579,2.859780593176401,0.6243739412234549,0.33151417145365353,-2.2257865610501275,-0.9756270488633907,2.930269833373081,2.860475686218651,2.452127478311232,1.5367342515057767,-3.936838256515441,-1.8796897404853736
TCGA-05-5423-01,-3.526402929348487,-1.5727447020292007,1.7081151531666852,6.375268111056335,-2.1527950139147127,-1.8132842290263798,4.6309012558072284,2.5245957172374003,-1.8338426260153216,0.34704056976204,0.9655662284876811,1.1068139225369251,-0.27439730682846847,-0.3887745434123573
TCGA-05-5425-01,-2.5244724151905116,-2.6942905808073254,0.72175303322185,-3.1678031869934387,-2.403384754562116,-1.7918393925791818,1.1273042656122847,1.134820634419835,-1.145424437923282,2.5076913986123883,1.3577624544025897,3.494209216715171,-1.091877459969576,1.2276139864747198
TCGA-05-5428-01,-2.2383011233604746,-5.472240031660488,-0.688580635824107,0.47356500716830646,-0.280414573288279,2.2195893593485296,3.6648225851531206,2.7938510920085626,-6.263571250816706,-0.35276868535333844,0.9429174185708489,2.0952175307780974,-0.6439037449698816,-2.3502579251784423
TCGA-05-5429-01,-0.7025748271246675,1.1746336067787917,-1.5243060523548722,-1.6924937082342346,0.8199358319723579,-1.643550067420504,1.4015567663098414,4.289907405423949,0.6454551761659065,2.0507789880109115,-1.464693053792895,0.5075130456493123,4.191130286549007,-0.7601521861172412
TCGA-05-5715-01,-3.097932586988723,-1.8670235402777273,-0.5774985575708765,-3.445882808099607,-1.3191758439978407,3.0187197255298495,6.803499788792519,-2.826001892508601,-2.351307266626954,2.984448381317692,-2.4887009236621176,-0.34327237837805946,0.7732893399902377,-0.4001712897578731
TCGA-18-3406-01,1.402602303600604,3.0290781991287794,-3.70164263429535,-2.077515135814666,-0.6080839976550974,1.314312247302179,2.0779004894986177,-0.9771575255715519,3.3910091965563076,0.9626259453714678,0.41357647650463875,2.0648555901545342,-1.1119384394348417,-1.2162726243329003
TCGA-18-3407-01,1.882865930728458,1.9592366437122968,-3.734130535908093,0.6591175700864658,-2.2656922241517177,0.48459264256739565,-1.4727506132019108,-0.8896964930730263,1.7599223336619751,-0.15613396890351103,1.355948127961046,-0.40165702100164363,1.3893502918007652,2.755593949230337
TCGA-18-3408-01,2.7682445426302165,2.832435977490653,0.11663796732070868,0.909109641093999,-4.0167236582614,0.5930938176530249,3.6091700651965812,-1.958292216001298,2.1775936148367556,2.0660688098722644,2.6594591624731523,-3.4434689486558194,1.1978513605015024,-1.0022022339180532
TCGA-18-3409-01,1.0159513521277637,4.801506427161763,-0.8985516844590762,2.549512293773906,-0.3704087274119808,0.8849779488491865,-0.48305415113320477,-0.6420408942655347,1.5478192232179382,-1.0159166898721093,-0.8537875382692678,-2.508711755479009,-0.2844474150223894,4.5008937125037205
TCGA-18-3410-01,1.1901185352073171,-0.8374633813395512,-0.054739840703608,-2.2516852794923468,2.7804698953351803,0.7708231038426766,-4.481937948014128,0.11104187756114609,2.528648598900202,-0.1122555784956281,-0.6159661014237923,4.113619978962992,-3.9747222724320537,0.3787149963092275
TCGA-18-3411-01,2.7522095255313137,-1.6307534959873669,0.9237010868983321,0.3443996468967469,-4.704929910653857,0.7361953185684289,3.8458506846006,-5.347884210204798,1.3268091238274413,1.2278579947028978,2.4371195729734545,5.332287258849696,-0.18162919356453394,1.8394026824473058
TCGA-18-3412-01,4.411418864051197,1.1213883989812827,2.379212073335423,-0.33315683110193334,0.26028085658718325,-5.250028797994718,2.8010563901746313,-6.850191057894293,-2.612254634779294,5.640167588438234,8.634885884191183,5.909334454829512,1.9259007093045286,-8.516750723357033
TCGA-18-3414-01,1.8935067125402343,0.9909209229759428,-1.2972634680878508,0.9979966357447821,-0.8489020026355014,4.724574144384337,0.10986303901345265,4.6011764570429134,-7.332624925919152,-3.269110865203764,-1.184872246411385,1.2803737686343137,-0.3453306755151259,-1.0605008385489592
TCGA-18-3415-01,2.148862441274507,-0.7224342631749437,-2.158307018057887,-1.5532079561500243,-4.376677424188686,-0.7509658811374856,4.386230132962236,-0.12880791540261946,1.4423804202866337,2.2134379448986747,-3.8540895421395174,1.3551796647733252,-0.24727423978415247,-3.0219039694955656
TCGA-18-3416-01,2.93113556545858,-2.8370355101118165,-2.101396478612303,2.5988712173172095,-4.855532762565364,-3.6668041597590815,-1.999858808683573,-6.066605407593845,3.9870787961660223,4.494574733332355,0.13425714118171547,0.12967642360056442,-1.6977395700328193,-12.540622245300996
TCGA-18-3417-01,2.4921248849160134,-1.874585431468606,-0.7015249613025396,0.013433539056198877,4.230067484092643,-0.1374596002940382,9.540369820089046,4.04126697793177,-3.5103485816492865,4.1665810194305255,4.614038591805243,-0.15883337628660885,-2.1243571313700302,-0.8687721094803098
TCGA-18-3419-01,2.076354239485945,-2.2509510868207228,-2.9257955383995093,1.0004903605036828,-0.1850006043295101,-0.21816455062172307,-6.860668081982706,0.585134957034356,0.7209430162650164,3.9093452764853565,-2.1000633140085814,0.8649981553446592,0.7304858643137109,0.9493242707393964
TCGA-18-3421-01,1.9196319942583915,0.22198667738893751,-3.0343215033885134,5.450137250683214,2.435610877211564,0.6784591305627733,-2.4892122954133793,7.566488448507167,0.34888242102571004,-2.117567300820896,2.43197899389044,2.7968263834145057,0.1929371705925951,1.705844822153727
TCGA-18-4083-01,3.0079332387651143,0.32751350765701503,0.5528104040104287,-0.7170127942001611,-2.2778618613675885,0.6686119081238175,-2.0970982981893336,-6.444397072107781,-1.0123935934439885,-6.360553233453725,0.2679623945674237,-3.414968293573932,-2.2546061863755114,-0.3138486796273755
TCGA-18-4086-01,3.079367705823106,1.937485617393123,-2.881603658132622,0.15835989890754995,-1.2745053343199853,-0.08109788204799503,-1.0520440663774915,0.02656392534891157,1.9220683332903628,1.2351283944755451,0.4126076873430194,-1.2642630321990418,-0.026309142983718756,-1.1554884479022607
TCGA-18-4721-01,2.3167442338674817,0.3215125752249279,-0.3577607902363525,1.1026594797172649,-3.593429456178665,1.0985970476130067,0.514656932449837,-4.977080327106903,2.902960718982185,1.1196646976871314,0.403447899139599,-2.3170529065083025,-3.418366295578507,0.7895919057962811
TCGA-18-5592-01,2.474486955527268,-3.765457743260545,-2.951388050498325,-4.408959332515494,-1.3081270741660262,2.293144147707476,5.152585967560311,0.5372893220902446,-0.24414282989202665,-4.145999538155559,-5.856718172040941,-0.8697493640463023,-0.44445494781918776,-1.3501808146708605
TCGA-18-5595-01,4.338801074440105,1.8809642616185915,-0.19486076829577018,5.687655653779135,-0.7104057755598879,-0.4847281045343302,-3.4780370923616735,6.804062579856343,2.4803574105845043,2.867410731008047,4.893389627501084,-1.618592744249362,5.383389511640849,-1.8872359058186656
TCGA-21-1070-01,1.7795049934312819,0.6071913307497953,-2.4440844873638996,-1.12715337183431,1.3264512791441943,-0.9023666991500907,1.292842986502358,-0.6307631244202612,0.7714631609209351,1.8188711460100007,-0.02650842882049159,1.0105353881636585,-2.4492329084762603,-0.9648332801358869
TCGA-21-1071-01,2.2488560544280136,0.46881989472520763,1.1176447518025137,-4.404776485315639,-1.6774165451282113,0.5767255567700998,-0.9319256049620345,1.0446272739355902,2.4045843234061315,3.100206079425554,4.054881348359235,4.223373960680837,0.22872771028361222,3.5344600117627656
TCGA-21-1072-01,3.692761967487223,-1.8645044933054826,-0.3978520671937061,1.960396971392168,-3.03783243803414,-1.8630438564519383,3.5043067859857366,-1.9201185067995867,-0.4112847868649359,-2.1289974351822094,1.914044963190978,-1.7679731979061217,0.9122359411932297,-4.312709537650251
TCGA-21-1075-01,4.4794248946232464,0.33549848162533896,1.3530749618412836,1.9654378603909977,-2.950778260738956,3.3455180684907244,2.7617781187064647,-6.597557304332182,-2.9362595652100945,-1.7449463104216323,0.6029556476716246,-2.991180921798688,4.3710051441459035,-1.0745453132320282
TCGA-21-1076-01,0.9620153551419893,2.89640471676215,-0.8808153568088498,-0.12429843001202454,-2.432513160497685,-1.1515733418679353,-0.5435874410760961,-1.6793760306684677,1.8280930972793101,0.3799694617504565,3.4691634513850222,3.0101292070450842,-2.2477648569018824,4.5184323686935866
TCGA-21-1077-01,4.050120511437961,3.880134974000945,2.5790169660321043,2.513210309983747,-4.7949401343223625,-0.4073581335644125,1.2900239332803738,-2.916554269617313,-1.395507064599928,4.038173867211908,2.5407039317517186,-3.796200440458408,0.7890437373733714,-4.08143178758718
TCGA-21-1078-01,0.3286967062836073,-2.4713760992287277,-2.555280304009493,-4.527689875700378,3.3764977356536945,1.6729104923125633,-1.8633636332678323,-2.6182385015026206,1.738588743813155,0.2181775567942758,-1.609755252799284,-1.705244736576772,5.818437624853727,0.5675621634980035
TCGA-21-1079-01,3.4407407568548836,-0.7539424002671101,-5.96875939677233,1.1022720757983016,2.7117280125904544,0.5708243271486781,5.0842469216219905,-2.7068560181550296,1.2851028487074994,-8.939180658723576,2.771402535514219,-3.5025388913595017,-1.2589168481272808,-3.175070661502937
TCGA-21-1080-01,2.4868368273941717,-0.49702021542508645,-2.3748190228132064,-0.02543071812000896,-0.20680911313835423,2.727521041055889,-3.588401619300459,3.6456443764057718,-1.739552197985763,0.4026672892418804,2.4975810141739228,3.153161071949615,0.7671686385668797,-2.0611220056527295
TCGA-21-1081-01,3.3606444985217885,-0.7962138900240702,-0.5886033060300753,2.5779332400512254,-1.7922411225561048,-0.6271640387735141,0.8217924546316613,5.778040989044516,-2.0460842511227293,-4.852565103517052,2.830995028777831,2.108302593295787,1.8587696257582802,8.873128811769783
TCGA-21-1082-01,2.512465376807042,4.968580012200432,0.6770927423489997,0.4102164807010053,-0.9755732406343919,-0.10664889311679278,-1.6003329501677708,2.1452051288829814,2.1400097627915726,-1.271861404839664,-1.3149861373156562,0.7849261092736657,0.542423985793367,-6.430193955811623
TCGA-21-1083-01,1.409357859939215,-0.5966889220197515,0.7029454734174447,-0.563981662865442,1.1261370896549745,1.4062730211038916,-6.828380975605758,-0.7101768440071555,0.9045083025467185,2.3797046823793515,-1.996853638652021,-1.1273557906008325,-1.7197498990849744,1.7575184061602596
TCGA-21-5782-01,3.4160394979288764,5.588770270715415,1.910182261997002,2.6429650832876335,0.7641284466710582,0.6882706196260853,-1.3266594769394842,1.5215196194612053,-2.944103438956524,-0.8062829442494408,-0.3687947146423614,-0.07995112531794929,-0.6140010369450478,-5.2945330622809745
TCGA-21-5783-01,1.6739761930214914,-0.005516227653805855,-0.5013475168484965,4.494015909493224,1.214723679128542,7.221073841207166,-2.50430582307565,-1.0105634496919051,-6.027034918298933,-8.055396257974856,0.2860616812425314,1.415306054237776,-1.8703933374425135,1.5948113206353403
TCGA-21-5784-01,0.5547390685927823,5.038391407060733,-1.7849271836879248,0.8558124731041689,-0.3340765406718633,-0.8099395800984498,2.6166095971312116,1.0453146648350744,-0.7516224196859995,-2.157179195130652,-3.7246657055643335,3.719798565173041,1.6865609181473906,-2.122027259921535
TCGA-21-5786-01,3.8896057043822454,-1.5830682343665916,2.400614995248194,-1.9513257082676547,10.890517250874115,-1.751247138223843,1.7524964110432522,-0.8282500946186191,-6.785618516451306,5.245351220327732,-1.9398993742937252,0.8170896489523312,-4.26253551103426,2.6018253690620563
TCGA-21-5787-01,-1.1069101767223415,-2.566191387724653,-2.025213177085693,-2.5422389585613305,-1.1049706940938226,0.6584150738372938,-3.9948676167156485,0.6353217791173004,-1.68005536577724,0.9848454379661449,-3.730665737865393,5.278593924984435,-1.1799907361652684,-2.264847835230686
TCGA-21-A5DI-01,3.843580577130082,-2.0070357569908746,-3.6237315039439952,-3.813983820213829,7.86498024097702,0.8697617189718699,-0.8798421938679308,3.629550067197746,-3.4814166825535,1.3996938345981684,-3.238510984190272,-0.7481482489278426,0.20465936372515048,-1.7520338881901953
TCGA-22-0940-01,0.5513303726138461,0.5703173309302131,-2.3687684726674423,-4.280412372041891,-1.351708337624492,1.2691478248042123,-1.169781052837396,0.5835264505004301,-0.22058610825798222,1.886970588158076,1.7407120538668364,3.803508330803529,-2.205386601902269,0.8757942400318043
TCGA-22-0944-01,3.137852133184722,0.7031641210639149,-3.8843283447251817,-0.2872753997139966,-1.3138047717672725,-0.8144345697579517,-0.20600770225937803,-5.824536979082826,-1.1571533041714985,-1.808918890344683,-3.2858971332718956,-1.7552970080324535,3.819309314729511,-3.007766021105991
TCGA-22-1000-01,0.04789466423334633,6.197641411355304,-3.1697960248587336,0.050715188920997606,-0.31818013638692466,-1.0748870398770594,1.258959116460474,0.06840519266624157,0.5883301000405886,0.122622187947093,-3.092051266985671,1.920636450578071,-0.7030496393549652,0.997895629101341
TCGA-22-1002-01,0.38282020553724444,3.7874090711541375,-0.6666876949970529,-0.0748701245247504,-0.6699669389184771,1.599274199955916,-0.4733981393099395,1.300682635840923,-1.0487740449406862,0.029305479048945156,0.9889543828619495,-2.1995463901088534,-0.12805117928582696,2.9510274779253525
TCGA-22-1005-01,-2.000536733509879,3.768050507722136,1.037475103059339,-3.6563788331251823,1.075530263718523,-2.9031380677687584,-1.6782911498144215,-1.35521274946854,1.3987575653142428,1.2268473893041427,-0.4235385512595864,7.176788766919845,-1.040696721804191,1.0192480089879072
TCGA-22-1011-01,0.8716058017965935,1.4722713804566279,-3.206383712028808,-1.6675364917187578,-0.3164431544107579,2.713294413976062,0.4480019568062966,-2.4682839868605098,1.522144424861437,-1.7267692700887785,-2.009972296081632,0.8808281343588789,-2.74974294405906,1.2661305331896353
TCGA-22-1012-01,2.1719013270585292,-0.25605900162045603,-1.229747203725565,-3.0379488509617536,3.0687588150365377,0.9470989219995688,2.012512567344682,-1.5271363371320228,-2.738050768310551,-3.6438546020154554,-4.793727898968771,1.1465961158664708,-1.8742109601842918,-0.3299433474190471
TCGA-22-1016-01,-0.238025969468297,2.5921612505438936,0.611761933675922,0.591037476621882,-0.28637324666964936,1.9971607107677252,1.2623707022280033,0.6987489949587694,0.14233622705720433,2.4376532863794074,-0.18685285043845226,-0.6843426463100887,-1.4836274951485477,0.22306161835210145
TCGA-22-1017-01,-2.1209256955341433,-1.388010847654708,-0.7693660111815913,-2.0753611378799595,1.2337399724944826,0.13266212011085318,0.7414669432493676,0.8313332376423094,2.9119532173686586,-0.10270469469546699,2.5314984135248766,-0.5736492418692091,0.21556252582950974,-1.4189054785682957
TCGA-22-4591-01,2.2889530468260024,0.6271266976435264,3.65607824486663,0.8878253475414642,0.19811806454046665,-1.2410853809202589,-4.861385738434412,4.968587812128426,-14.942570968437499,-1.387834190033719,3.4769836260819345,-1.2195081652084225,1.9144622698647757,3.794841842836046
TCGA-22-4593-01,3.070689354961367,1.8349059445258527,-0.8130554142550183,-1.4894664560008812,-0.5956814599844062,1.2794608455017977,-3.8291041100171443,-3.4256791092972163,-6.698120389125696,-2.891788927914019,0.6613891090068877,-2.025588657804388,0.33822058072084416,0.4069992182584563
TCGA-22-4594-01,-1.876622221587159,-1.2002698792049196,0.9677713399000462,-1.623983658113597,0.027121242799888912,0.3268654765712888,-4.409911679069105,-2.489403761603949,0.14792699496600945,0.025435591278392285,-1.643218199550993,-3.3049716059569616,-2.537505727464859,-0.9012547136181623
TCGA-22-4595-01,2.8519169334042114,1.4666193879734857,1.2373734799632023,-2.188027363665316,1.3404131151731244,0.8755793357538265,4.835023735395483,2.0599124580161208,0.9939336099654695,-0.1533699434486257,2.651405285647962,-1.4913475530571771,-3.4711644707294207,-0.6371444109402148
TCGA-22-4596-01,-2.0760055056028928,3.117390768551734,-1.2862484451789042,3.7955883847507947,-0.21746066533367386,-2.744329495448964,0.719766928072769,0.29117650293839686,0.5512568967506939,-1.4106011976829458,-1.1226500549541345,2.5159950561280535,-1.5425606915380956,-0.42049988421754264
TCGA-22-4599-01,2.8693904178522476,-2.8688750152405373,1.2307436850701428,-2.685716204543433,0.57711141480971,-5.004411570665132,1.2810191506523085,6.348209759486762,0.391675803554894,-1.2630602807005538,1.6429506675867078,0.5121787627818585,-5.180111049900456,3.9146266559914276
TCGA-22-4601-01,3.2953930696285565,1.0286244674303173,4.6392173739953195,-0.30275520637778125,-3.473471736421746,2.4624506861284594,-0.2878723773779946,5.016411448033598,0.3497321783741401,5.19783422890096,-1.7490919332478263,-2.2522329273015753,1.4774244640638492,3.780997947242304
TCGA-22-4604-01,4.022777028403207,2.5185415899650976,0.6949537294075547,5.000675219669101,-3.031329675922358,-0.5341667822723578,-0.5512908196746594,-6.006626676961105,1.0512620179841663,0.6505470527236089,3.3617816693090026,-1.446550342231548,-3.434360736258137,-4.225237374929772
TCGA-22-4605-01,1.23144009518102,7.33891558113958,-1.2804403572250185,-0.08917574147084945,0.19834557806269218,-0.008104167413929015,1.0668703151047079,2.074433492507335,-2.7322585514365225,-1.8917986167446856,-3.5565693933603915,1.9730912941177878,1.7284788778947187,0.9866613651394119
TCGA-22-4607-01,1.24613636389905,0.7955653162069475,-3.464193270891086,-1.376833704586986,-0.4715189385341996,-0.5565948748094864,1.2470218883951303,3.7236774820028375,1.2562152587578685,0.7767962918628964,-2.7500730322349694,0.7065107980792795,2.1429498281451362,0.5765760663883115
TCGA-22-4609-01,0.967327589285677,3.634654690312267,-2.4739933209801204,1.291255184134002,-1.6444493498836772,3.2791574222785114,-0.18772943032400188,0.6378800624212021,-1.7337656466578937,0.22696929570871568,0.564236840099537,-0.021991197883886024,-3.0037997861293473,1.3735976438935766
TCGA-22-4613-01,3.6173045216010102,1.984124575736893,1.6878304421794688,4.999821227281154,-2.8426867988343614,1.2157285530575814,-4.831230528181774,0.3299296706749604,0.7317743247019347,-0.10329724090972615,2.4049421556077313,-3.930344755721248,-2.1424788332907494,-3.669636377296707
TCGA-22-5471-01,4.848942414558141,-2.501696836290074,4.479142098319476,-2.1866153574071094,3.8578107033459195,-9.672697308130646,4.977705022444692,-5.437372528998571,-1.544947808067684,5.198481699286241,-1.3303660507531916,-0.3211770149598032,-4.388141328479548,-5.113295314991839
TCGA-22-5472-01,0.638660364331971,5.414766716212759,-2.15525565601837,0.7722336622442331,1.1849441972751178,-1.790640478104494,0.8117485493552608,3.7679360554469334,-0.7211830309822378,-0.31032851496651054,-1.317544033882045,0.5359599365686557,4.29660847643173,0.9920408940985923
TCGA-22-5473-01,3.910305563263112,-0.598730820260539,0.719652608323499,-0.5603868004765524,2.9136996201517977,-4.3178002329922665,3.256791195189384,-6.532216740099981,-4.428755379668115,0.039900842909163604,2.442453695531746,-1.9352523066980774,-0.9974185656181063,-0.2360497073531065
TCGA-22-5474-01,1.9135944927667043,0.5596993143421899,1.227934423847086,-0.06196630830355055,-5.322352560440642,-1.862382524507505,1.6018591001290057,-3.7739186226328094,1.1375965203135814,3.9428723524789566,1.1312607534242074,1.1427242852278474,-2.470743769943764,-7.569261838118226
TCGA-22-5477-01,4.886219984253424,3.145853861848553,5.55480078531505,-1.5992293409201668,9.158323467846836,-1.975676690523482,2.4094108568777597,-2.9119661730845587,-3.5131040978207895,1.640988922175059,2.9733479881030647,-4.983799889969708,-3.3612079909446733,-4.568354647257435
TCGA-22-5478-01,0.27441678328201197,2.397653842714188,-0.10320911787636743,1.0827863441857637,-1.1100965491033894,0.4026588081632133,-2.6108632128521174,-4.681534868895604,-4.786417319174252,-5.662874155995887,-3.8210562215901547,0.6725634619730817,0.3213310124254166,4.041562937502079
TCGA-22-5479-01,1.9902870225368798,2.4489732764057575,-1.691499279685339,-1.3703959186474366,0.1635160118077443,-2.0504894661543744,0.5537518544505614,0.4235047802228294,2.291749849828301,-2.145416937140422,-6.84065452951414,2.6815399578702803,1.5360459267228808,0.8621406936958336
TCGA-22-5480-01,0.40047369707944874,-1.1608878274826058,1.1960513462242202,-2.9892253337665897,-2.373313394992832,-0.6195502438575717,1.4755581062132008,1.3614317668474019,2.6982428793758837,0.35844212574932527,-4.992680379243655,-0.2162387793362877,-3.6541665717302303,1.6293251463072302
TCGA-22-5481-01,-0.5631375473077619,-4.541736623362773,3.0119699620658498,-3.6826626382822587,0.8536487455164947,4.000920617895796,-2.356476761410187,-3.8313830620979092,6.191083586596967,-1.9706785235697866,2.7736218409181617,8.276887565631473,-3.10515391539829,2.889951278216871
TCGA-22-5482-01,4.676513174154166,0.8056016905270891,-2.8478245988386575,2.3947295228564247,-2.0118473959783847,-0.25654186967031084,1.3098255745554161,-2.910812393942728,-2.6289228694951645,-0.7911381515937598,2.366463230790312,-1.0635206548993814,2.6772202724661316,-5.011752076821363
TCGA-22-5483-01,0.24117668337270842,-0.5093059966857525,1.0553087026321966,-2.240753332513283,-1.3122779643647513,0.26037481685966574,-2.9907727102151984,-2.885821193850541,-1.8036273550319064,-1.0385962810090066,-2.804650371202583,0.2782868081144291,-0.8628949239101695,3.0468205650998805
TCGA-22-5485-01,1.9205803378647837,-0.3645026522147573,1.2226003673943608,0.18854137831683798,-2.4507505571941186,2.091635948354239,1.6225882166579162,-2.581997005828639,0.40375462719196714,3.626298423613143,3.8478719169979625,2.568596816630102,2.2770908823233698,-1.3030157781072889
TCGA-22-5489-01,1.5435737934501996,1.9823885777601031,1.963543433114855,-0.5860866289375823,2.8180383753259863,-1.645965632466827,2.059221915875288,3.202365339765013,2.6218050797158807,2.110219741457515,-1.821824286121466,0.41255195508184345,-5.972459016652093,0.8448399499997091
TCGA-22-5491-01,4.520144248961275,4.706556460152783,-0.28233151017192987,0.7868845525472122,0.3722512912176408,-2.9768843367427125,-2.691178756888209,4.660296601343726,2.2912032176506902,-0.7244708648977757,-1.12365865967563,-0.905939264590706,4.595988885053932,-0.3412099854248221
TCGA-22-5492-01,0.8942950294642632,1.700857407993563,-1.3653918646048848,-0.9202699221285036,-1.6791806303682875,2.731891893502881,-4.399961284919298,0.945082738621683,-6.618717948361195,3.4774953318697,-0.39998195017757027,-0.8164313431267103,-1.6772203160631125,1.0981921107687618
TCGA-22-A5C4-01,0.9023038722848598,0.7039091050644101,0.7838748333483363,-1.1081850905298325,0.20929973048402456,4.218308508809321,0.2383592713853187,-3.723048285151961,-3.4152874947689122,-3.879514734605312,-1.8523840479409062,-0.401409910520017,0.9315805487048723,2.5595470509437286
TCGA-33-4532-01,3.7459949424864685,1.07023143476253,1.7219184991305723,3.827995187080125,1.1104150427036814,3.3723686025223465,-3.2832558693467164,2.2414449886882677,-0.7628155539985947,0.5219292170353563,3.558212279483106,-1.0265649464822377,2.7367304387226787,-1.1323428617629911
TCGA-33-4533-01,3.1616147274707114,2.2706866603225406,5.921561570994724,2.0945693697346184,-9.035525146677118,-2.009561548875283,1.768632489798667,-7.508765147429965,-8.024002339904102,-4.099246506527153,3.4513242534337407,-2.964549184288286,-0.4727990251666504,-7.3031281826396235
TCGA-33-4538-01,3.7917634686853203,2.7880370729946367,2.459986705385446,-2.912111891130894,-0.6369158810253885,-3.53048098425256,2.5666251713544215,-4.996632896923796,0.7178292154410345,-0.05820487505243745,-1.0187218187328138,3.2886295258415497,2.9006111655698694,-1.662713480526883
TCGA-33-4547-01,2.355978979484594,4.424479598938402,-1.6243498755001553,0.40707116914555896,-1.367702727426387,-2.1890581617898404,-0.8414398718849938,0.5653821044529814,-1.8225022060935117,0.13899371196840526,-0.6736022408536566,-0.12032968634729552,2.6111720466814603,-0.9431056926584073
TCGA-33-4566-01,0.7525351336246459,-7.739832607416199,-4.461522260516725,-3.6199423888590228,5.940452490539745,-2.1513265747979977,3.3048131411705204,4.081386672089292,0.017789579521530038,2.8140301272167085,0.6196200399288333,2.5874471125287006,-3.102069111994306,-4.658013926045173
TCGA-33-4582-01,3.1126392071816764,-1.3322412024298638,-0.12807565718040567,-4.067874632842946,3.4174718612734734,2.2379629876725886,-1.9711412327988411,0.5659809491327761,2.2745940299177234,-1.200885106871415,-0.5180520254154457,-2.7997375412735845,1.778940983007896,4.052556559327085
TCGA-33-4583-01,2.1463239260431872,-4.51381985317562,-4.883767701303291,-2.9365946143346355,-2.733309108176167,0.5016286385500746,1.450420854051817,-2.8767741855181828,3.3347843464782687,2.0843839336226266,-3.1088334227638885,2.015261687554294,1.7388161269655218,-2.6598252785641012
TCGA-33-4586-01,3.2537966225128523,-1.1434256157483371,0.20181354416821556,-1.95949456902831,-1.6955975490218869,1.2219032474902358,3.435910784225316,0.858794950306809,0.8044617640930074,1.4582158607093187,1.0254337036050671,0.728463148105009,1.4162655706788334,3.2712838967439284
TCGA-33-4587-01,0.6332836086330351,-2.5002210046270466,3.651584174692666,-2.237074590533518,-0.8471002496134621,0.9438707606465115,-3.659715604316762,-1.7593459617270357,1.0841487378051846,-0.30076392383876227,-2.4358241373427045,-1.8875500798919822,-0.14428032392453663,-3.7436489145610854
TCGA-33-4589-01,2.2280833897333037,-4.100393143050822,-10.140373737099623,0.7685048422949579,0.44088415445534174,-1.5375186058328423,-1.3562542894263567,-0.7199813924684324,1.4114113220780462,1.3775355055404748,-0.5153360208073529,2.728083372392284,0.7240403758815623,0.4904745726756947
TCGA-33-6737-01,-0.6781261760054532,-1.7153923090771357,-2.5800709780590094,1.797621792589836,3.3012079766698608,2.5794358120660776,0.2635626173609452,-0.754777322588231,1.091028520560597,2.686213802863788,2.6524520418629707,1.6949433218953471,0.05710426992166581,0.26046537165699846
TCGA-33-6738-01,0.6935219307318253,-0.6641148599648722,0.3270593313845414,-5.790991969347223,2.182318396623593,0.684774070649491,-3.158428031917964,-1.3958163122413234,-2.8784590946490463,1.8073729937915077,-3.1788766454676525,-1.1129683409271447,1.5722412835814157,0.7657680766804659
TCGA-33-A4WN-01,2.9206394048358915,-0.19178417476434423,-1.5497752313129272,-1.5066247508404123,-1.402729016920292,-0.31215280079853713,-0.7591996873475962,3.67689445653032,2.6773489811248767,-1.8157051522754788,-0.06792022575917622,-2.114364574959283,1.350942984946224,0.7722837755770723
TCGA-33-A5GW-01,3.1462885169925436,0.8666036207464475,-3.099561982616452,-2.847601271896724,2.194352955675936,1.6602394197820847,-2.1616532094199528,0.3756667785223384,1.7093673800984908,-0.23992649389760107,-0.8357899326848235,-2.5261450709837368,5.838744276578207,2.5457002887396505
TCGA-33-AAS8-01,3.5602859178134825,0.6307165887574891,1.6780708126507853,-1.167777540160623,-2.1571911107896167,-1.1005323465015588,-2.3280462596386635,-5.6464607475112745,2.3293757808460454,1.8085591950773,2.219640613731238,-3.9111582406636294,3.0287525813461844,-5.239175358603898
TCGA-33-AASB-01,0.2272273614666767,-3.523752016731917,0.7189032599242786,2.071722170419841,0.02333540683107729,2.453423863152961,-3.0986802528278945,2.814662911859613,1.4249073736620723,-0.23273066560663433,-1.370848038776084,-1.2168898627944653,4.869829859169425,-0.41216911863694994
TCGA-33-AASD-01,4.26505553532299,-2.395022172365454,-0.7192865189643971,0.8055045970349368,1.3986518561928445,0.20389204962639232,-0.3757560951834199,3.823417702621407,2.362819738191958,0.9770373497422413,-2.3437495152025773,2.337843242352031,1.9771653521819688,5.174555813920322
TCGA-33-AASI-01,1.0140786899107235,-3.293665507709581,-2.590440737146229,-2.4373575302956056,1.4679876538731973,-0.576006533570322,-0.10043898245719984,-0.65866008875746,2.6463471121057265,0.5466557142635222,-1.1644365000123433,0.476889925384998,0.6122246812014303,-1.491350646741862
TCGA-33-AASJ-01,4.786636526372363,-1.5544891280637956,0.27749101469817977,-1.6389984291263524,-0.09888199474246553,0.5339542072550163,-2.8675429010462943,-5.6036124887304695,-1.5750433827458183,5.235273910629126,1.071082274451387,-0.7765456773601579,2.799365624187828,-13.238544729557224
TCGA-33-AASL-01,3.146586850122098,-2.1135674846037165,-2.1784714698142755,-1.6844549284669128,-0.8456246763936816,-0.5383939919713436,-3.8348317796890523,-2.0169596607547935,1.6406281462404049,2.392418463525186,-5.076092543850779,1.1612102813447334,2.150582523206488,0.4598134802894452
TCGA-34-2596-01,3.6820900334399282,2.8778121317761416,4.599852969157699,0.6819999608889526,-1.0893296479994028,-4.422666067247168,-0.8029178155064867,10.37549347979515,-0.8922832979553692,-2.908141491246372,1.8615583544938512,-2.677156968228465,-1.8627852446283786,5.193543136927478
TCGA-34-2600-01,3.848301583706893,1.7161075878790264,3.1556686747754448,-1.2571272875089532,-2.1243490405465084,-2.1532460664255146,-4.152074084890042,13.17943125021099,-0.722617671228816,1.9144965814240067,1.9879991429112214,-0.8092986814948078,4.394593919336982,4.9342602523393
TCGA-34-2608-01,0.6523218010974909,6.3648384268992535,-1.707359830422334,-0.44088302432629556,-1.0205973755389155,-0.5699034912708301,1.358686362333425,1.9527914110194535,-1.2366981043975944,-0.5764001918039942,-3.0733035282111847,2.0498747397582044,-0.31193919216205035,1.2765682238949703
TCGA-34-5231-01,2.9070485121071075,0.5534931445352915,2.536057943745844,4.320490786716099,0.8782110892724063,-3.40345134264891,2.210315125889117,-6.279802091094699,4.358273811517543,-3.4497528664167167,-1.6594498867856493,0.5479276551956143,-0.6305179381617174,1.5023943739716739
TCGA-34-5232-01,1.9769556862648265,4.147028175766321,-1.1481101701269374,1.0887487717284623,-1.0431265139958303,-1.6590837093015136,-1.8746862154170023,-1.1168880967882355,2.6841440680643673,-0.06661053710365107,-2.49358866958995,1.0770001852768436,-0.05942914047550104,-1.5979441470849267
TCGA-34-5234-01,-0.43621417905729953,5.586236155959614,-4.3164501696817394,-0.015035005208568106,-0.004710215913808179,-2.0865526590091843,2.3330116060690558,-0.3402270484149837,0.6330842984311312,-0.7817407393563143,-3.0592439844944237,2.3645633164619895,-0.3911340389141204,-0.11786669308376745
TCGA-34-5236-01,2.653742932349708,3.0019973016950163,-2.892459544751102,0.31091181300857723,-2.5400913636359643,-0.3799992418236992,0.185781039231621,-2.0945219191418203,0.2632792638442548,-3.543422820291696,-1.1322972639863096,-0.9997166092542455,-0.5822524573282103,3.1825206459887645
TCGA-34-5239-01,0.5073866547207926,0.9728611597199217,-1.2390588359798125,-0.9757653343528294,-1.1793901028015263,2.170052760467397,1.36656936834232,-2.5973283059317,1.1692552925211188,-0.0684780355180892,-3.5673200143614188,1.7177922606482035,-4.305191232351248,1.849018866453544
TCGA-34-5240-01,4.103729696016355,0.05816607477949239,4.5634493331019454,-0.9686711795980867,-5.55252993136429,-5.008071418682136,2.4279621801476994,13.410858049267889,-0.6018836353128106,1.062435317376223,1.3231596164257928,0.7451089070229507,-1.2840195535812802,-0.12846310224747776
TCGA-34-5241-01,1.4690121717801627,3.0755950022772907,-3.0057960892837765,-1.1272809125640484,1.323264118592469,0.7639606311493766,0.39137394998437336,2.2321925280223973,-1.56211743441812,2.230936271799319,0.20008484147345512,1.3838730255770555,-1.0343413094799274,0.7815717838688839
TCGA-34-5927-01,2.060413352009687,1.6236647104385746,1.478736776336631,-1.6326183624497212,0.4099245533628567,1.232567649344097,-5.112364047652459,-0.9504160312792053,2.2105429250438444,-2.179743882248921,-3.1406791656728177,-3.1485255993075185,0.9617868696820306,4.048918632412236
TCGA-34-5928-01,1.6842421780176762,-0.37088579604587374,0.6786163541369516,8.26197296165494,-2.396048651395656,2.413883824580762,2.1889665192625576,0.056165635517029626,-1.813632153111715,-3.3228877382950412,0.15728941923135872,3.4411247595967516,-2.9972412724870763,3.5108975403772504
TCGA-34-5929-01,2.2849046828762045,1.0984394692717074,-0.040834222569094726,-1.739527779001851,-0.48871684666868026,1.3874688389341847,-4.513164395308142,0.05853841592023578,0.3935449996456201,-1.3824752051950882,-0.9789521113533546,-3.173130045677492,0.20904809179125713,-0.3559412809047916
TCGA-34-7107-01,5.036278471779651,2.3577138193322837,3.482792701846063,-1.247344871247841,-3.045442322458819,-0.7664462843325276,2.3035110585126035,-4.333269262664944,0.4507629041852311,4.217879473842895,3.2175571654465487,-1.6831411210843534,-1.3506646840978478,0.10584582947949335
TCGA-34-8454-01,1.0152741203388729,2.1275155331856612,-2.8557540018430805,1.4688437285331146,-0.597079871926008,0.3106607268732762,-0.5540572164219112,-2.5922013280781577,2.188920766753589,0.934421604436532,-0.9439272861131516,0.9863535325329572,-0.6482143912467703,-0.8619049892174594
TCGA-34-8455-01,1.835969917789264,1.5570682445082138,-3.303632641013489,-1.387306136577077,0.8968284234099517,3.5219543009636896,0.5597537285978692,4.680896605990248,-2.1235685676389977,1.390315886048887,0.33112878328054574,-1.0031923712227284,1.39043520688908,0.6599779256038971
TCGA-34-8456-01,2.5964325336249057,1.9135733432344144,1.9432389974550375,-1.8416655168396228,-1.440635324057467,1.7750757239226822,-1.5391611416014532,-6.988679492156445,-1.4741284389542215,-2.9764558899711973,0.6279608903690366,-2.2580672594373703,-0.23852487472290645,2.0066620790118304
TCGA-34-A5IX-01,1.7409710144927768,-3.3455345138384724,-5.228882817794504,2.3615728909483544,-1.4223745883778371,-0.7694239792494002,0.17716101105128468,1.792563249175706,0.335964862406915,-2.4417011609275585,0.8795504606227305,2.975076167485043,2.966566680250889,3.4083398117820725
TCGA-35-3615-01,-2.768027527924539,-1.6933702175206453,1.616639532671001,-2.9642202895656076,-1.69561068382667,0.9407281721434221,4.304303675603599,2.3229204487313106,-1.5829441860764173,3.236251203205959,-1.4246521711406592,-0.8167964713370356,1.5580144558572568,-0.845169438758517
TCGA-35-4122-01,-1.8417442600087386,-1.3403813328034158,-1.8396153680490217,-2.9830508132964697,-0.03654797519428286,-2.3408726778755997,-0.7937358565988787,-1.3517070232153507,0.757045319397059,4.74584423506622,6.08213657261614,7.709641810282004,-1.672634819333697,3.5039522433039623
TCGA-35-4123-01,-1.746488499368255,-3.48625942017294,-3.743633726147064,-2.047866965796191,-0.8795782591086682,-1.6842309013689953,-1.265432100018696,0.2081559748610048,1.1624121353270915,1.0381379453934423,1.642767846107686,0.7058712836108614,-3.0355658960829652,-0.6855107865000212
TCGA-35-5375-01,0.25705496683467055,-3.2007703119328608,1.581883740127644,1.1068780590073226,-0.331287365412654,1.0628527467280815,-4.537103914499799,3.694142496225162,-6.417331270980932,1.7393238671352034,0.3594405650099798,4.0927756328855,-1.4923211930602025,0.514435643208599
TCGA-37-3783-01,1.4009462311372365,-2.297939265697846,-6.156074629551257,1.4677302750098136,-2.8531964102021563,-4.051692735707018,-0.7362717863409912,1.8351795305802867,-1.8069458223021517,-1.2607636098051374,-1.8572533676012566,2.6230914919421475,-0.05482362488609951,1.8977834288556783
TCGA-37-3789-01,2.8210082549126496,1.304948308777446,-3.9069898239349765,0.02633609651966308,0.4202355052775537,2.5569871169694545,0.017750135569508878,1.418387807659925,6.032040797946279,-0.12687350926836907,1.7728687932833291,3.6315801212033487,0.10795034370908241,-0.2921401618656847
TCGA-37-3792-01,0.1711228392022051,-2.3688210637265024,-2.862603090748739,-5.040119542487081,2.5219140734138157,-2.6978469964267617,0.0935233741752724,0.7480801625920895,1.6602478449917366,1.2368505008027415,0.9115840739814628,2.0472383504421505,-4.578405410041921,-5.626677999696401
TCGA-37-4129-01,-1.3422666015433298,-1.0036460200861717,3.669859100554647,-3.1115099490845686,2.208610473904096,3.054777849973281,-5.754873152640086,-7.986074529450623,1.9587380599844006,-3.121195604268733,-3.2339265661070593,-6.336498222809748,3.1551956920852824,2.491816783962851
TCGA-37-4130-01,-1.154766171961497,-3.1042836008471775,0.06823127320063269,-2.9627521965656327,-0.48176991621639886,-0.6766495499004493,-8.283193399782721,2.54626814061379,1.846754178446052,-4.310226047066899,1.8384853128788838,-1.133372306371999,-3.9252622018312757,-2.5395028002691364
TCGA-37-4132-01,-0.36452084986444966,-3.0390853313269974,1.6816753873692638,8.543085779262922,0.5265748821920301,0.8691828986355193,-7.1430053661040525,1.3579512066581234,4.464092934110903,-0.2822026602736633,1.8615550692772151,1.3274416227260142,-2.990538336681522,-1.3419978371026375
TCGA-37-4133-01,2.7344866117369153,-1.3297380713333151,0.594482885010219,3.7981121247531915,-4.014451411062178,-3.2462615050922277,-2.278563590841336,12.443787942266843,-0.8159315914848269,3.68852167818472,0.41604792544797625,-0.520501283578072,1.401255941021685,0.9134712415415951
TCGA-37-4135-01,1.4782856006402112,-2.537970938017219,1.3687615692568729,-0.6042090630177914,-3.99495371960454,-2.8812805313593324,-3.334135317182748,11.269640031163851,-3.725895886945679,5.649001292674503,-3.360776161682683,-3.266120678813446,2.064203122531402,-1.9911732820118802
TCGA-37-4141-01,0.24866570004304406,0.786632041993194,0.10564460779835137,-1.74594923139926,-4.353465775836993,0.4429601936777734,-6.735840995838584,4.976765843536585,-1.2355404324432242,-3.6959780680165264,-1.9354037521268295,-5.022030529031085,0.16770893015977834,0.6611652859636122
TCGA-37-5819-01,-0.26965122298254185,-2.1256475528957255,7.642782767842268,-3.3463832504794047,3.190391902070229,1.1067741370014932,-1.3542630483139921,1.6643312428868247,5.0599866524303225,-0.9958842004085817,0.19541942627787406,2.220015421708054,-2.5998520047468596,-0.7542647792197219
TCGA-37-A5EL-01,3.807172391143403,-4.510696475744639,0.2032495761660195,4.786912750759204,-3.434962745609283,-8.734017239594051,5.216386116883607,3.3610985177121515,3.5896265240011482,-10.134534094351048,4.7542749661031944,-6.579335206648264,4.637011587372583,-3.8485636640592915
TCGA-37-A5EN-01,2.767164640451225,1.3517333654679764,6.78368027289155,-5.825529945966516,-4.35940364691451,-1.8623737362071409,0.15304416860387376,-8.325631414989438,5.117582449325266,1.441937823419725,4.524188648904714,10.120047184282072,1.742023122830232,6.641327107003816
TCGA-38-4625-01,-1.2062219015102984,-2.68958772860519,-2.417513390094305,3.015538874722837,-0.09872675521292522,0.503225852751729,-0.9000032894214401,-0.6754427931067628,1.5337504052670503,2.4943285576498084,0.6656084858213698,0.7568237212544572,-0.9349318718279999,0.020686971943786055
TCGA-38-4626-01,-2.166549201273595,3.4945211549377033,-0.07915399250945598,-0.20569746349663495,0.31760338809958094,0.729069793496331,0.7754107893182468,2.0063800382321615,-2.223219508491209,2.1711814790197437,2.929309453052081,-2.380862559718108,0.06509454804040574,0.796773281999469
TCGA-38-4627-01,-1.2678997705394135,4.805561574648147,-1.551521288927415,0.36475067996971233,-0.6682867001620839,-0.046881816083766396,1.730714501993861,-0.4744000582385186,-1.3428823018135942,0.1458030681582285,0.05688497596778518,-1.1066981217820324,-0.5698524181456873,2.1618435044343656
TCGA-38-4628-01,-2.5167588398095004,-2.4650048242382527,1.480677755680911,1.7038623750110593,-0.2361134351354885,0.6446155798225764,4.627192817961194,2.520961827279369,0.0896253727651192,-1.355913085357045,2.870320055973002,0.5243573233108033,0.8992288877433556,0.6591231270593486
TCGA-38-4629-01,-1.3754898161375964,-4.437336328207591,-4.6944705365407975,5.097673320589083,-2.4189601319052514,-3.6405658762241915,-0.5268836457016864,-1.6163875911507262,-4.627842625876194,0.4968088279358136,0.6883197333083776,2.1915296914994307,-2.01134834530319,2.042266753000441
TCGA-38-4630-01,1.0933672540133348,-1.659682747059681,3.4128830752723878,0.00868611283481532,-2.026598222652982,-1.0243034985583082,-7.645892043278283,-1.5869539050326933,0.5184923451036381,6.192772807227868,-0.3415127555644823,0.6568533012284465,1.4377313345816254,1.722956701639751
TCGA-38-4631-01,-0.6411317633780269,-6.834140560946229,-2.1675153763551247,0.8223981708479733,0.56850620851468,-8.46753866690897,-9.66480473340566,-0.036695317141532645,-6.067200323116877,-1.5511578590919763,0.32401726126968905,1.0621500134483888,2.120679289131702,6.3887662415966435
TCGA-38-4632-01,-2.3813299842892572,-3.2488988434721886,-1.1593649374218487,3.117852341616671,2.3406189173537624,-1.0205846433125838,2.0547267766875232,0.4292385174868203,-0.45425312687857516,0.09824860066334644,3.98214681936911,7.198708939509329,-1.1639607738493378,-0.8636468417444536
TCGA-38-6178-01,-2.114687555090388,-0.4967058016126472,-0.34119889022388794,3.9536221577898587,-0.9697617814626788,-0.16447880044674174,2.58161501716926,-0.6646101764878437,1.1483723025968966,-3.7183929388525225,0.5709210326157387,-0.8233086252803823,0.6153651052322671,2.5435552785986753
TCGA-38-7271-01,-2.3645225187095407,1.9585919254737945,0.014250706882006789,0.09836440739521461,-2.0620238198203342,-0.1684327173644199,0.8054628279041783,0.0626779951836985,-0.050863198269853846,1.9734564874014942,1.6431876944343298,-1.8453922121220645,-3.1464502122977236,0.8755235869276335
TCGA-38-A44F-01,-2.01130328555693,6.628213837426232,0.3007182663757304,-0.20904395728755512,1.6268244715320557,-2.939488088342592,0.028204990248425908,0.3419843766575685,0.1399286774127626,0.08266197367657548,-3.581917576407732,1.6393559719055668,1.2580189621620177,-1.3379883717311265
TCGA-39-5011-01,-1.7558672042379158,-6.84229423558761,-3.8855926557312785,1.9749241072922854,-2.5876563741856993,-7.357427155133432,-7.612686755199634,-4.5405328477289455,-6.882371320682059,4.713277905589198,1.5293048562451954,2.095556045388768,0.23720852420519647,1.3125196640222843
TCGA-39-5016-01,2.8360200358816594,-1.9369139536504116,-1.0263059213309926,1.4161064070486085,-4.3711463579380885,-3.945056297709474,-1.34671945706116,-4.902562373800444,-2.085260801258199,0.4826556340550394,0.843431330384062,-0.4501826407276402,-0.08589629190833266,1.4888834727093068
TCGA-39-5019-01,3.564334852802197,5.796404379373862,2.5858653889345464,6.158679029563402,-2.419784236166316,-5.4746111976272775,1.2999558179685737,-5.651309870362188,0.5538764674129951,-1.4453497523953693,2.547414016476044,-1.3806904831398619,0.7293332487108972,-2.8051795590851816
TCGA-39-5021-01,3.0343648234291836,2.0923770100753907,2.524718537437119,-0.9939545115146475,-1.0139242181450523,-1.5160096938519736,-1.1811131654536595,-2.732072003383294,1.3941648311394232,0.6600022842894727,0.81785349394209,-3.0522273405764047,-2.6421309668331143,-3.7370253655063457
TCGA-39-5022-01,0.48687542648477106,3.0700380124247943,-0.7258643632174743,-0.32740768181199414,-2.1694717733906743,0.7174869095407623,-1.7237035615675342,-0.5290141679728132,0.5817395785034389,-0.07232367098031532,-0.9801199557370014,-0.1288681126936247,-3.543575255326063,0.5755997428713597
TCGA-39-5024-01,1.2981483460522993,1.7163650513504052,-3.292875502123221,-1.7806497933996264,0.9322371498906369,1.9509270247101924,-0.4275006941927995,1.9859155326424816,-2.8109641002729737,-2.744000063814457,-3.0399754480610186,2.4390986039294322,1.2151749165949435,-1.5593208302053088
TCGA-39-5027-01,3.4046816036033927,2.7788571460373843,1.3994072129933133,-0.05609163196655204,0.19370538196541937,-2.987533165225471,-2.6560290649454212,-2.956987719294935,-0.2326649722988231,-0.38578994025218943,-2.769415265337112,-1.6512526113908905,6.589310356315763,-0.27716344051291236
TCGA-39-5028-01,0.7846537033195736,5.166013607735579,-4.260433038043258,0.6268091966291038,1.9437741033275466,-1.2879680642257825,1.043860308608637,-0.4309640558309381,1.1050103013003898,-0.9445967820525322,-5.453156374984811,4.985599768397143,1.7940776456488816,-0.3429683311376108
TCGA-39-5029-01,1.5737890762346163,3.156183217124943,-2.976743022065977,1.81768640392441,1.7202514378963705,0.8055421108673968,-3.4026776883332532,1.2639391390930268,-0.9976019831040561,0.013587209604357855,-2.3285662027432488,3.3822595427621267,0.7769648219053713,-0.14426272064260645
TCGA-39-5030-01,0.6055822533113493,1.8812817867751535,-2.7094618350755786,-1.2520601102360405,-1.3809966374839922,1.0820086175105237,-2.6549319152533815,-0.9538146129261108,1.0689552400813733,-0.8181961555205746,-1.709183284550692,-0.09698149475746867,-4.6061317532980475,1.0241047977421298
TCGA-39-5031-01,2.7387632077125295,5.791842407873961,1.8539570505049963,4.280586396963811,-2.8228436459976565,0.14307909609201713,-2.2203943592589614,-0.3413572160713247,-3.1426752646730027,-2.7583793159835412,0.2123924076113436,-1.7247278927256797,-0.6780455310837725,-2.6852424802813126
TCGA-39-5034-01,-1.2227296588257122,-1.750005535309158,3.4355395725778806,5.725818813461334,3.813567012434913,6.397570099660917,-0.9970643685008556,-1.2363777525909205,6.07864925307036,1.0369392628644107,3.058911076469126,3.945683767142104,-2.9870792212493855,0.7038800367828904
TCGA-39-5035-01,0.886721721550525,-0.6446815703843303,-2.008231737249878,-0.10290387593242714,0.9680978366820691,0.046469682736732326,-2.2188962648057218,4.426423140267854,-1.9661286041418806,1.1907844505593441,-0.7559578946098563,3.4315086439479723,-2.2222013905283973,-2.183571299462557
TCGA-39-5036-01,3.5529977382342266,0.9398394878992982,-0.1374551738087231,-2.4584172722209328,3.303868522919432,0.6076224124003955,-0.8701398733437059,0.4871350801846369,-0.5644557456082305,3.9082939833424297,-0.729507426123804,-2.942991619187059,2.7020775476832206,-2.311702121047231
TCGA-39-5037-01,4.727451088730263,-0.8161573393002858,3.5821201342664715,-0.33435788129183014,-1.5587189504354475,-1.9547308014504359,5.487663973467966,-3.799095886258356,3.293212295434053,-1.6764718102121139,1.060956306192233,-4.491794975843096,4.560266629999842,-5.114157492534912
TCGA-39-5039-01,0.02327998701394704,3.1055608014451472,-3.6262135390328036,-1.2873841322400608,0.05505680743579157,2.1067274239426186,2.519521951689519,-2.028802946550146,-1.4380081284375583,1.019354361868299,0.060400326888684255,0.5069676333720641,1.515261425238986,1.8673805958474297
TCGA-39-5040-01,0.2037501847971092,-1.3082041699119051,1.0322213508623572,-3.6831850695263384,2.7019690088087707,0.7320212772498419,-2.483969493489465,-1.0899150047278383,2.8769815692732084,1.0320575919821355,0.36993022453444774,0.15314188375367968,-0.49104851858113446,2.5189718546824165
TCGA-43-2576-01,-0.8294339346007479,-1.0532005318828397,-1.0629380433439601,-3.333712487504535,-0.4189346921397533,0.44216146905281395,0.3233540348285453,-0.0647655793554486,1.9828437186638226,0.7508242179173215,-0.5279119931768625,1.3226874454466744,-1.9171150610050833,1.2452214077601722
TCGA-43-2578-01,0.12491686450874892,1.7835153691737027,2.951286123478843,4.558319587801671,1.1827855429180854,-2.199604230739696,-6.810727448390045,1.32984766268134,1.8062770837747553,1.5385177039333546,1.562548974699419,3.229128714701873,1.2845877204135405,1.6216827884344487
TCGA-43-2581-01,-1.7253687003770335,-2.2774824217610905,-1.8584461841609305,0.65780397182907,0.32363550783021827,1.5173765485905333,1.1175055404886027,1.1912704958504727,2.453015478084185,1.7922682640840075,1.9903250553776894,-0.4833098208624613,-2.5189686756516236,-1.3997711529788324
TCGA-43-3394-01,4.893152757277641,1.499762765253453,7.234911449329239,-5.5106049211875785,10.469797962966094,-3.6462361985745786,9.53258708652892,6.1706856962737495,-3.655735726549091,0.0340130069205195,3.73192961777395,-1.1203723047805059,-4.0086034719369765,-1.744240988641608
TCGA-43-3920-01,1.9537463807833375,0.20535447596450557,0.6815663481223091,3.119961477291646,-1.9720005894681782,0.30184536111972665,0.5963520551224373,3.4578072809293996,-3.180402682394308,-3.8963297185892833,0.6363387442305924,2.365456052620361,-2.5889735515682357,5.180893815332722
TCGA-43-5668-01,-1.601694408828738,-0.9669029410374711,-0.40350590413106074,-0.4679484092548611,-0.432097887991773,2.006907584148222,-4.352241563409258,-1.9310827513829483,3.4658651239959664,-1.7393031644746526,3.0263258469470387,2.341534302461748,-2.626887101872092,1.261998049370988
TCGA-43-5670-01,3.1408111638239786,0.4287698745383045,1.5124764783629134,-1.6764318062447938,5.8884404712404725,7.800109984312901,0.2381245822089225,-0.593354717523302,-4.510916687862378,-4.26203877950772,2.5735505747088867,10.322372870890854,2.4426794101951357,0.7987949673345256
TCGA-43-6143-01,2.4478386795468157,-0.48940563579850244,6.031842708461062,3.8331854316050347,-7.527601527413429,2.414338675649753,2.9490512108784652,0.9077837387089093,1.907075942100692,3.6860126559545794,2.0685149259353626,4.530160806544843,0.3208294612940703,1.1122976829810869
TCGA-43-6647-01,1.2649398372113174,1.9565607501733802,-4.288114624630692,-0.9474732250300182,-1.1182589935259082,2.8957124818905653,1.0315154148647228,-4.440955912604523,-0.17557007600774815,-0.6704675648881806,-1.0718892772095565,0.14964312686292283,-2.9680696049222077,2.6181703889968166
TCGA-43-6770-01,4.1137633323841625,4.198334567598637,1.3908651015031217,0.8550679141466822,0.9948562386106368,1.8900402384971513,2.418028207601896,-4.58582407805186,0.3749255628697343,2.8336690508453315,0.8926420335222082,-2.873683246344661,-0.38611595361409606,-2.885075063715297
TCGA-43-6771-01,1.9174351562461922,-2.0672079653124764,-9.18546510121705,-4.702939565977892,2.2669876969334997,0.2945692267370419,3.136654831777558,0.5838738806274801,4.766744616515266,-3.6834424813157924,0.8021423523162691,-0.7832973913978684,0.3375030506145555,0.4202912161108905
TCGA-43-6773-01,0.2755383689476446,2.822288771644985,-2.7925827572151927,-0.39936788257446215,-0.7842457638623994,-0.25697089806725676,-0.5345934835353731,-2.866026756597478,1.488364211820023,-0.862082830997724,-2.1699770738347373,-0.04422758216613892,-2.7011998860030486,1.623986814872265
TCGA-43-7656-01,0.5676244940585483,-0.1071472327602734,-0.7684437595761684,-3.2305007072681224,-0.12007011604685293,1.4443091426963115,-4.715034787060403,-3.6568157918868063,1.2908873770488407,-1.3345496100932575,-3.0819703850791886,-0.18437303350735093,-2.701409568369986,-0.5151957870402818
TCGA-43-7657-01,4.4117161423971325,2.113058681321083,3.59427478564896,4.783163032770691,-4.58683790458598,-1.7839263192030848,-1.386118459627111,1.3340913719651986,-4.84854090118461,1.3046516555940366,10.946252988049633,4.201618819654053,3.2272524641447213,-7.00087608543823
TCGA-43-7658-01,0.7116859715297184,-3.0942400180422607,9.118244229007445,-7.123882101122277,0.4401845168241148,-0.3648690140348712,1.0922845620987958,11.88584457790958,2.1163307560656537,-0.4291744318905189,-7.531101138232757,-1.9284788972837434,-5.9160595187941185,-3.7407332765687524
TCGA-43-8115-01,3.2050026534330875,3.5296567049111,1.9178288490715871,1.5160444016058965,-3.7858346808012002,-1.6199639348731467,-0.25264122006719214,-4.019164976172363,2.307365941441374,3.1366749399159706,3.6635493392066447,-4.173779761166613,-2.741524984707112,-3.798419011827757
TCGA-43-8116-01,2.3935410742050314,-0.2748324150039561,-0.26515046571804646,-2.7797364045633826,5.821574335280659,-0.6368792296390846,0.639019485738921,-2.3825046668450485,1.16177110896677,1.8549032239919034,-1.4930058577588894,-1.1631861622658908,-2.7908594842571826,-4.3651111326026495
TCGA-43-8118-01,2.619307283779259,2.7332987815727416,-1.237688425750196,1.2376780429954028,-0.30708874022150096,1.8714175898910086,0.32902793455155865,-0.009783339351122024,1.5229127544107306,-0.542972914756375,2.250755070844514,-3.482675314686093,0.40228543587522625,2.5450229516128977
TCGA-43-A474-01,4.040288745563868,-3.4762201148799954,-3.162551310832739,-0.330391738231495,4.629998179182273,1.1521129080558812,6.320000221248932,-6.687538465482959,-0.3130293630934623,-3.7601812010450746,-1.8214034985948693,-1.272108457786687,1.9274593476212833,-1.381604667232769
TCGA-43-A475-01,2.3485469638999388,-0.05933131913520822,2.3740101349068805,1.0738535935108093,0.2550881085528905,-1.8160687975030294,0.17074496255203267,-3.6937382600871866,3.1724764027197714,0.07464098056125998,0.06252683230177215,-2.0405375441349833,-5.437865692750743,0.05568934332734717
TCGA-43-A56U-01,0.13416325771193666,5.933049821084328,-0.9673415868939819,-0.2629324207677899,-0.16301188110669237,-3.6262707304934305,-1.6640083703068662,-1.8332570210205683,1.690616986999646,-2.023869817412914,-6.516727717448571,4.006124471470173,-0.7078586511327234,-2.650813977417737
TCGA-43-A56V-01,3.962488213733048,0.07898261351850522,1.4639657706902391,-1.1944332744915045,13.510444532408952,-1.0921302323886914,4.819613872855954,5.161499314449908,-0.8942666280257483,1.9089475139715175,-0.642686946873829,-0.788904184859864,-3.784784997006003,-1.8408288170771854
TCGA-44-2655-01,-2.690940850991982,1.2183141159147473,0.6328607547243863,0.06969786659896701,-0.9163904294209846,-0.07559225517459958,2.8146973615899955,1.5891225246517269,-0.17709031490084537,3.052843057618465,0.06444637231798768,-2.6457033638011986,2.22356925542775,-0.24924891450318476
TCGA-44-2656-01,-3.2577706468241208,-1.589985696200517,-2.6610460597916217,4.759098292943002,-2.403971649340213,0.7990166474530105,-1.0645333173348581,3.9927566728498336,-0.328673168288026,-0.6872904731715636,2.277513423310912,0.6073724648160761,-1.693601418390912,0.028312795822122396
TCGA-44-2657-01,-2.462689382740886,3.7417453392562723,0.3454032867799335,1.0370114435994575,-0.9697715170993921,-0.9125170469506207,-2.382601210379173,-1.1959812123342186,-0.12984735354327376,-0.4837685798512744,-0.13493560906217245,-0.24036385815363298,-1.536725329926575,-0.16653814566123812
TCGA-44-2659-01,-3.0012964621773732,-1.003106162029442,-1.5091283284069685,1.7137788900976652,-0.26201839813234445,-2.819389654223563,5.2097834529001785,1.489523131887445,2.2665151689648706,-16.308258414094052,8.444081667406827,-5.4474306398823655,-2.8864471447234994,1.6411874509974609
TCGA-44-2661-01,-2.7835710238927263,4.351254268283803,-0.3334276034523123,0.3394411057055019,-0.5645922838251994,-1.3433601525417376,0.09691115137699112,0.5657251513782497,1.4773768622519248,-0.0009733516028136324,1.0120514562060707,-0.323758520611714,-0.956677575905857,-0.8211152823372014
TCGA-44-2662-01,-1.5714673708228355,-2.955604892060834,-3.3577922098984154,-3.6167006965188997,-0.9988653081449529,-1.8729641616194899,-0.5747742786122072,-1.0132405056443292,-0.9985234885441807,3.4177804912171266,4.330704821237303,3.9127849616046992,-0.3967704244245436,2.250660791763124
TCGA-44-2665-01,-1.5510287884971914,1.0682152059353767,-1.5660094581362642,0.3566556711243049,-1.7576588517768548,1.4077716326980267,4.890064574102607,1.1712416064052689,-0.43162935621270543,2.8881006434816983,-0.706002973748512,0.4898071052429044,-0.6487805123869274,0.8834966049100214
TCGA-44-2666-01,-2.3129564673425396,2.5461098847322887,0.039983339278143244,-0.3958635267584093,-1.5555367244673834,1.375066464349938,-1.428238646141816,-0.9049629606915378,-0.030399422577229034,1.3463593049101628,2.224123051085765,-2.848939278613417,3.8076795744618255,2.1969231655002104
TCGA-44-2668-01,-0.47047119673386234,-1.2631380753600563,-3.5295385315614305,0.23716740974882067,0.3022856512344982,0.5769230700239072,0.3641573244224683,4.076031771145601,0.3893788781726167,2.589000169899225,0.7742731561470803,1.4456774640111816,-2.9686316478479293,-1.7944725076843921
TCGA-44-3396-01,-1.7491623062982837,0.011641681440206565,-3.273972675503926,1.0435197781381473,-1.3020494311691546,-1.4965437699695938,-2.2573873242656637,-1.2227874103241139,1.132677252813476,-0.8025445648773948,1.5500802255405983,-0.21721932777308023,-1.6911188001780673,1.1953074473528775
TCGA-44-3398-01,-1.622899507113941,4.0840213336975255,-2.0357010548063745,-0.2655772544102557,-0.276666232357736,0.30697677114226657,1.277914939299978,0.01840224137537414,-0.6823200457666464,2.163878507340227,1.3168250828317833,-0.79566268078233,-0.78653674690044,0.6422222921956661
TCGA-44-3918-01,-2.216750240458595,-1.1190429049523876,0.21483598997763875,6.163049862669388,-3.7279659194194914,-0.8017552710970991,-0.7612751528478505,2.403715148594068,1.1843723558422228,-0.1835254603719699,-1.9761877368951566,3.3510052452792136,-3.3685121691888504,-1.0233730777435246
TCGA-44-3919-01,-2.3734905147135397,2.3762313264509505,-0.17541470081091243,0.07387249287046206,0.22397770800307693,-0.009219760974840391,-1.08501830817767,-0.16921397346847825,-1.3587222898211566,0.25729102817951766,0.5019910362568683,-0.435410699113042,-0.7517690579957945,-0.8136378215974436
TCGA-44-4112-01,-2.1576346393944386,-1.5735584524819677,-0.4605336379100183,-1.5619758544938525,-2.175781749770317,-0.35693686769418936,4.905974110337722,1.120755098933774,-0.7958561883699409,-0.8073091069314273,0.01447690940689546,-1.1549788356505284,-0.2923549405494163,0.9381532714860007
TCGA-44-5643-01,3.9341186157658754,0.43546829509926704,0.7306215448287342,-4.999913075416526,11.007235589563969,-1.076262065186836,-2.6045237828079646,-1.3980018344316423,1.899247105322155,5.718450724271247,-0.37047587568936824,-3.956442792020651,-2.863232291159206,-3.0838697189075437
TCGA-44-5644-01,-1.495539161104642,-4.451986409390729,7.1467256748669135,2.4849961715861197,4.724348873485282,6.212417587731087,-0.5056971975915533,-0.7500573201120242,-1.773180450468,-6.893931342989197,-2.7834632930567547,2.294159724655588,-2.301988952555462,0.8355608931855667
TCGA-44-5645-01,-3.207864447658529,2.6205748888996827,1.7725635906270474,1.487146511956645,-0.600200444987675,-5.713573486505732,4.093259951732569,0.7781553315809882,-0.19377263599053424,-9.445160651913678,0.9824266683876544,-2.1189507572693813,-0.18297185317774262,1.3039567596214485
TCGA-44-6145-01,-1.5303350774027,0.4926076561670696,-2.8548416176082827,-1.8364509590619518,-0.22186547441120447,-2.664542228055454,-1.4148701109318136,0.5530407490439272,-0.4040224164116438,4.011797843923296,-0.0489632162540223,-0.7772926937600556,-0.8302351023815951,-0.1180573578605563
TCGA-44-6146-01,-1.816063059132304,0.7737735194083527,-0.8135463902212821,-2.1564414301419688,2.3785451319345055,1.2600419949871755,0.5523962013802707,-0.14179853413383378,-0.24319894718420065,2.8981608383999244,2.45863489158599,-3.2326676327772184,4.913662661304584,1.258398839714428
TCGA-44-6147-01,-2.7036372210766944,4.060192583057972,4.325432284900538,7.097753605960922,-2.61015628068108,-1.2831578896821154,2.0613833374355246,1.0589461082660072,-0.8741366558761872,-2.528454923783248,-4.885230162356974,5.244902448747116,0.8260609855703949,0.5997377853685447
TCGA-44-6148-01,-2.131321608933925,8.346470792339403,3.184243318433357,0.4627523452132538,1.43856479027069,-1.8824604490165169,-0.004809680964620648,-0.9578168543960285,-0.4918776524254217,-0.7963409464596287,-3.774969434253693,-0.17206843986194645,2.5841196554935935,0.4659980825136034
TCGA-44-6774-01,-1.8078503470385405,0.5462678252278896,-0.3823893220574947,-1.3286730988187423,-0.953335173551162,4.252545816119932,-1.126996351977718,-3.012515737663922,-2.647024758728999,-0.37015665514224916,1.1549474665684594,-2.1785801977056503,-2.9111180468841,1.8233368469537299
TCGA-44-6775-01,-2.033248759732587,2.1426393387839897,-1.6416629620487888,0.3971421276590085,-1.368157543221033,0.220017270170039,2.6449475263293505,1.1653238886669608,0.15465627144582766,-6.00927362788002,1.5755858018940525,-0.522217967417229,-1.4400104084250935,-0.43589652859124967
TCGA-44-6776-01,-3.3931464257715938,-0.8933202798372735,1.6804046102627916,-3.9099829771342893,0.8877857665516055,1.8950350446165658,4.733617808450024,-4.539852311549505,-0.14558210144481284,3.9078122487496505,0.692260186918656,-0.597325888275664,4.177527662348954,1.708717610784572
TCGA-44-6777-01,-2.280116906309742,0.747715865621408,-1.2436537802950554,-0.22742577805072875,-2.1437752390505502,3.1318191798580233,2.413654049331867,1.7450756781792744,-6.1583752492480315,0.8504180731198977,3.1654476809622367,-0.9637618287410095,-3.844844997101152,-0.42850414746237436
TCGA-44-6778-01,-2.5063529881600077,0.3114697256783508,3.201386905101252,1.6076510701173412,-4.380059488419077,0.6408846992638341,-2.8753411109564606,-1.9522659666956637,0.38122423630412916,-0.5212407536599067,-2.449311061302266,-1.601578076530799,-4.221828047722379,1.1891146994370612
TCGA-44-6779-01,-0.29398435779761833,-3.615370474399733,-5.413621629046693,0.7198668465639487,0.28640688019627414,-0.20739054097297532,2.9057205948053126,-1.4070433249055276,2.784926521429386,2.244861628187391,1.5845297117696382,-0.9687857879748485,-2.2622765363036876,-3.1520951036930267
TCGA-44-7659-01,-2.7878101687464016,2.8397494583317955,2.199096742751016,-1.8487302139136665,0.6993256201903973,-1.1326858991847966,1.5164490014926233,2.1270434561985367,-1.7400244003288434,1.0502461415901703,-2.81534632434545,0.37747763452547384,2.9413764157355784,-2.1854956936745005
TCGA-44-7660-01,1.1837334036687686,-1.1155356311599556,2.113594356662861,-3.096110161250679,-1.2686038143065623,-4.101272099657898,-5.084701332147833,1.180756759469098,-3.2905665568407585,-2.19763957022388,-0.3727224100378836,-2.1651921724489354,0.451318437139814,0.942857664706443
TCGA-44-7661-01,-1.249707615001514,0.991011552649073,-3.38720040411822,1.532071447342628,-0.1581013635353131,0.41251589062125266,0.18107821784575162,-1.014022870103893,1.1583944818907077,0.8689555302308307,3.3910874210343103,-1.3210855653251807,-1.897804642151912,1.6690263940483197
TCGA-44-7662-01,-1.3730412742756366,-2.5757635864946353,-2.802972650767427,-0.3332162876114566,-1.6136859867560525,1.4441132842475506,-0.07623145777158927,-0.28398289436045676,-2.537106071403785,-1.5446350418790742,0.4359732060112609,-0.07406335793857104,-1.992643718289114,-0.552858125809707
TCGA-44-7667-01,-0.8032572202775624,-4.543872888788008,2.489720076294505,2.8869336879972387,4.418020209888837,2.9951946094801465,-5.276903213469727,-3.1926351002883275,3.4329397921220832,-2.2159621327525847,0.3132561581497564,0.09109267745787097,-1.166413788013094,-0.23096718965447097
TCGA-44-7669-01,-1.0770714206031717,-0.9878950963707314,5.544249840470751,-1.961108058113727,5.896400274563787,-0.7898047854663693,-0.4273207335578379,-0.05578533804311463,-0.13499628264727373,-1.6054608533380026,-1.5321223262890407,-1.7917228685068058,-4.686728627891198,1.5219102334324015
TCGA-44-7670-01,0.5972804531399516,3.562711137246037,8.13912981531282,-0.6883447395489252,2.1975014266807675,-1.0560202805526127,-2.2709804483332277,5.050335120583024,0.2806005887321785,-1.0627630142918756,-5.0661052829918525,-1.9604969006557755,0.6354736738246948,-2.877422721543256
TCGA-44-7671-01,-2.6976595893197617,2.19594583798893,1.1195376412609914,-1.0594779564746646,-1.1353836572511598,0.8074017433616564,2.650978820188178,-1.800793619184567,-0.4543346207406728,1.2173984324378773,-1.1933302019402188,1.6574944293404255,5.241661585285222,2.432224862956643
TCGA-44-7672-01,-2.047860808657756,1.7555615515905907,0.01584877537037656,0.3193786462446704,0.7786066471740528,-1.493583751769984,1.4067572711001681,-0.6028219928047823,0.21708993279904729,1.1403234906045743,-1.8575445519945477,1.019265599232716,-2.508138190697184,-2.177922047767212
TCGA-44-8117-01,-2.7605362339936055,-2.8104248109550842,-1.7218381822561806,-1.6104736642157325,-3.2696547972260706,2.1154044390252733,1.5106441114926041,-3.4525496799347017,-2.8210812963218266,-1.4697043734469797,0.5419069321710833,-2.2957260961615336,1.3872470468008584,2.0803621255655966
TCGA-44-8119-01,-1.9229301763463136,-2.160269650459925,3.736350504984541,4.721002008580438,2.372366444884824,4.71005990193555,-2.4372319585536015,-5.243363768467052,3.37581595179241,0.4751453680551078,0.42796056316210435,3.805087414261672,-4.171226470872201,1.4435245608659883
TCGA-44-8120-01,-2.5958062076185344,0.605672600122563,-1.3851383857945379,3.5418086849328168,-1.276853110558726,2.1878625903725624,-1.443839590331572,-1.6904486312870286,0.405921666708725,0.597208025576473,2.3727290789979576,-3.1335281574522145,1.5349004895599774,1.4306736962062183
TCGA-44-A479-01,-2.043283484519186,-0.03389988786149082,1.57168588591794,-1.8021933919232507,0.055945807273757336,1.0064626314373892,-3.866513026097317,-2.959273003271597,4.321333325682567,-2.1711544201021886,0.47933687474892794,-2.855926758639055,-4.260415263910618,-0.2187189078845599
TCGA-44-A47A-01,-2.4073896892365063,-1.985088663086732,2.364851074155096,-2.6946514081780686,-0.9823356199884203,0.6778802311451193,4.092422045125978,1.0043322149076614,0.3055720691075751,3.642567072846539,-0.3040167624825469,-0.7892932965700239,-1.1073665061268465,0.2686175389014049
TCGA-44-A47B-01,-2.3098017816726744,-0.6374287020444002,2.013773000640261,-0.9622162578697027,-1.5684292233994497,2.5284058687617756,-2.70758077759164,2.2607772670299657,2.5755113647813994,4.399416907646673,2.6396376608276784,0.7384833698208277,1.4176318592591524,0.5892717316399515
TCGA-44-A47G-01,-2.1627481206929655,2.4724181579943223,-1.565299906332218,-0.0760351340741071,0.4526292983380268,-2.076608606420262,-0.7926735486933579,0.9141269176990271,0.9288845162483216,0.9562753399558933,0.04834590178878444,0.2417236182151945,-0.8748756558873821,-1.356670861819325
TCGA-44-A4SS-01,-1.2632959397560624,-1.1978321430272756,-2.8412935749029624,-2.5524750765634443,0.332544194187902,-0.8225225871030036,-1.0760740341327253,-0.6623909208958336,1.0636149429762187,1.0107360099392924,0.7054399227477262,0.007097617412790658,-1.3703905848355855,-0.08181517612986129
TCGA-44-A4SU-01,-2.3286268459948,1.3822666208281555,0.652112836788908,3.2071415565273313,-1.0072374048008765,-0.9498872029171292,-0.48152503019576487,-0.488460054483845,2.29892360865182,-4.5246255868453105,-0.1606467394860708,-0.7354460145832371,1.663103513709876,1.5168915381870838
TCGA-46-3765-01,2.9413268671630854,2.432785995962282,-1.2343635507342103,-1.6286349324058658,-1.1637176066705581,4.587238802138311,-0.6735644774019404,2.551318351729093,-0.2176424481343971,-3.8065393952135844,3.389329362833989,-3.374541854448514,-1.4651466427616253,-2.016823280588733
TCGA-46-3766-01,0.12799665902421864,4.540349080404587,-2.364474452753791,2.3507517224794707,-1.1918938577316338,0.8678957910168421,1.646227489384237,-0.2815288924313968,0.3348539179771884,1.5617996175149416,1.6693229788835167,-0.6023853148754248,-2.491035061897295,1.259534980787466
TCGA-46-3767-01,1.0097728505414472,3.404755632696788,-1.7141166109339867,0.19404419489146263,0.6068392944182011,0.4493028802596731,1.1422387943665968,-0.171329157488155,-2.2638447965446504,0.48520340165132314,0.6569980102118715,-1.8585406063818568,-3.2607605304955043,3.609525272085128
TCGA-46-3768-01,3.620736371554895,-0.2704111156206833,3.2160959537481846,0.7452732439899984,-3.1792873958191197,-0.29964097077730817,-1.4168807358242967,2.5048337605434607,-0.7126016259154841,2.4593385291959695,3.8932114889360587,-3.872398317907562,0.8492536905495467,-1.3970747591466532
TCGA-46-3769-01,0.6926701754018113,-3.506272155036075,-3.4634502276303762,1.6290331664417792,4.155520438766569,-0.303629169727741,1.7260751594180581,2.3526244506968172,0.08542219731963957,-3.5071597323986032,1.1468910174853486,-1.8983529597882685,-3.803220865711884,-2.5335872839273463
TCGA-46-6025-01,3.3924306888744193,-1.2008264069810655,-1.2767336775467835,-2.849419263322426,-1.7962967718696217,-0.36950966782362354,3.5339356905883075,-2.0374147650268326,-0.8327944692560189,1.26038183598661,1.6547278694973873,-0.214805962428004,1.1758272780457035,-4.9872918266257535
TCGA-46-6026-01,3.3949844768651474,5.715457490009753,2.7915966951496287,-4.3063149780642895,5.164308045134314,3.7337703897140346,-5.934470680926803,1.6053451708272923,-2.84034936095524,-2.0035547642594365,-4.99405357749091,-2.2609318372182416,1.9147752216457092,-4.03567577698389
TCGA-49-4486-01,-2.6170404207848934,-2.991616708681932,2.337291387173415,8.060683878530408,1.945696682618557,2.851178454329301,2.696441845549785,1.462456938881244,1.559597212580568,4.0680353867739605,2.222052032502368,1.2937719828609195,5.622576351949808,-0.3437625195085029
TCGA-49-4487-01,-1.6208110708319436,-1.3075333095050545,1.3791184097017077,-3.514238415085323,-1.3225650797744348,-0.3550492872759261,-1.3435799335677756,1.427043404564623,0.8815286324628719,1.2926731715842654,0.8373487983761808,-0.5809720105580033,-2.87875341975111,1.1014263792893062
TCGA-49-4488-01,-2.4011253493488103,-3.4458493551004845,-1.1046562612781088,6.239891505790128,-2.230350435236861,-0.27248459071186537,2.9749244049265484,2.9990038305957154,0.14234915185890207,-5.3561465743374495,3.3931923731882097,2.849606713815158,1.015189383546233,-3.4455036029115065
TCGA-49-4490-01,-1.6306532020462163,1.207151424476831,-1.1991212915439478,2.55167917784506,-0.35341388660158296,-0.6753313427411979,0.3171656796480709,-1.0524350179924506,-2.592669177890366,-3.0900484012093146,0.8904076720919346,-1.1334410406966355,2.911438237526105,2.405982345475957
TCGA-49-4494-01,-1.9356098246283853,-3.0317447641096056,-3.670537088072152,0.11682883944431632,0.5346433033885367,-5.00222380767393,0.9973243818245202,-0.9565674524555007,-0.9293442828545627,-2.6808535017083885,3.175062151303504,-1.646064851970187,2.61139041150163,2.3288636450190032
TCGA-49-4501-01,-2.8330495562255567,1.023992298264698,0.4369929396790906,0.5164261193087337,-2.225494650656942,1.0728906405664365,0.19907596231457034,0.8608834963938402,-1.0191390386120924,1.0847462722851056,1.256159912795241,-1.471674850930807,0.0991760483127457,0.6546934318316057
TCGA-49-4505-01,-2.5624074733911133,0.5934841741150495,-2.158936599352751,1.040536248067489,0.43856068796544184,-0.6592480681610127,0.26456902239116614,2.3003845662733013,-3.5214770299916736,-0.09060418707273929,1.0773339555999746,-0.9472729751653538,0.15622409443176535,-2.6567292137997187
TCGA-49-4506-01,-1.2644922875239946,-4.405823495765778,-3.9894703027728298,-3.5119144407091967,0.5677477699320538,-0.2956071735634322,0.7325310374507455,0.09495824906831739,3.5715845295865463,0.6425341652957328,-0.9160983087706831,0.8637325229006639,-0.8692354995979049,-2.4122837633979155
TCGA-49-4507-01,-0.7822524753745307,-4.829129853900271,-2.155897600064299,-3.54578299671684,2.311372242079763,-2.287472613458479,-0.08954973698714982,2.4632925348364587,3.0489309981459876,2.082752913793156,-2.4725704700595417,2.7810358993028443,-1.4848062562359465,-2.791153071025239
TCGA-49-4510-01,-2.7804530014870026,0.7973118231858318,2.725784957719835,2.5040455510650546,4.539097035032053,0.4542677710772207,1.0073760711634074,-0.7613409925925223,1.2280128109618933,0.05298489434398551,0.7782182475218493,0.7668755200708038,2.1941358693949335,-1.1254331392393135
TCGA-49-4512-01,-2.58980773435018,-1.6751634895316498,2.1429592455144864,7.968251081375213,-1.2041259637331376,-0.8098109399471333,5.385313604848414,1.247111820037318,-0.20169034608198966,-0.6382580733898586,-1.978122618042176,2.71319762604555,0.12982042889487008,0.8647681305648396
TCGA-49-4514-01,-1.5450835054701841,-0.29644830388636345,-0.3059524895419798,-1.9969742526443148,4.542804743441685,-1.1857014428316615,-2.2547973847635343,0.38883979288979603,0.7785833032115521,0.9470746383194102,-1.3944003662633226,0.4470728279855843,1.9292915474372772,-3.1892159184187387
TCGA-49-6742-01,-1.6843240150142966,-0.8732571737484552,1.4571616192732766,-4.250965450754163,2.596436022262938,1.557405813853864,4.545845868060821,-0.5065473539332946,4.428063637840871,-1.0877745106767356,-1.1569503035939277,-1.3497249247769225,2.709227248175262,0.1263685266120716
TCGA-49-6743-01,-1.0960973544340247,-0.41444019331642445,-1.3024108080712444,-4.674010932490621,-1.7608909866800377,2.457093227736966,-1.5533166323540701,1.2229173986541306,-2.152896244929658,0.6327739121679593,0.755466682254051,-1.028093999369752,-0.657333207254565,0.4812998392137611
TCGA-49-6744-01,-1.9454987552120921,2.2696565589033573,-0.49607849420315536,-1.816705991093367,-0.5927410018966873,0.41521448376058434,0.3586711009166697,0.9740664440856514,-1.762163212626878,1.7671639500238274,2.5393080383182505,-2.587847527727408,-1.8485551148175507,0.006720205922303677
TCGA-49-6745-01,-1.7037207675129684,1.38255954970317,-3.860726072582429,0.6712253894968336,0.18541798568402768,-2.1608202267065177,-0.32905059250230545,-0.1289471924783883,-0.3364069233104004,0.3137518780745283,2.745486132325834,-1.5309145675012563,0.23481138139500715,0.35216504075412536
TCGA-49-6761-01,-2.1887014889883374,-4.599967705189973,-2.1211359530665184,3.2838955525066136,-1.2483660722590644,-0.3357879379013049,1.8820464279771159,0.9949090269380689,4.6701414367953245,-5.183339397362591,2.7610486073776896,0.46013363624323045,-1.5704858440587557,-0.11988601743928774
TCGA-49-6767-01,-0.4475228572561724,-8.188163692742009,-3.6407137017243185,2.568600132128114,-1.1414935656371863,-10.351008581237226,-3.7762434042354283,-5.479186981647643,-8.129641013284347,2.2378744208928127,-5.64324193034726,0.016915380477771802,0.3850461062609685,6.079789410381955
TCGA-49-AAQV-01,-2.4191469902835228,-0.49223416532201264,0.3195339312665443,0.2928333154901005,-0.6168108681216595,-1.4155322306220606,-0.8030901297226688,-1.341915744332111,1.6842636549428425,-2.1048239508800592,-1.509825319857057,1.208306827974824,1.2071670888779764,0.057142140709559565
TCGA-49-AAR0-01,-2.3453968685277977,1.3335233934150525,3.0576824537225704,2.016575957536909,-1.091465748675635,-2.9941823571219617,-3.8813667555075164,-1.8229234365783469,-0.9701793400843328,-1.345576536254088,-1.6932118688465858,-0.5645159993982269,0.8919399924902366,2.01709066446372
TCGA-49-AAR2-01,-2.2079022636467864,-2.7395641737985943,1.0955417278086237,-0.537044006050048,2.8580141743356005,0.3098549250527551,-6.198001057829518,-0.4035657024463448,1.6672897369371453,-0.24348336836279758,-0.7101811945881156,-1.422846949633769,0.9232781532699291,-2.764589679105453
TCGA-49-AAR3-01,-1.2330056394122033,-2.6782315799283967,-3.7001322947191104,-0.5266135122885648,-0.4119060069935074,-2.3507574297282052,-2.418429775884132,-2.35236397251214,0.8649096286201234,1.2294199805332657,-1.2454195266762162,0.5254974630439786,-2.3421792164182844,0.161335110459097
TCGA-49-AAR4-01,-1.7229541393869565,2.1449975221030684,-0.6554908004699207,-1.4028243205997795,0.8768166968819898,-2.5527397032800843,-2.390318943622115,-0.18035746237401887,0.4706856613295233,-1.2657419711305202,-3.556593479972142,2.6788877543997036,-0.13558488973930458,-2.5153318106691067
TCGA-49-AAR9-01,0.1315183810638682,-4.904324352860066,-0.27844933509016295,-7.893261905111389,0.8347337870121281,4.036066574984213,0.15311298813741517,1.6090730548049295,2.126964781707399,5.531789896240996,-2.2013899848928364,2.941546760571874,2.320732672258694,-5.868428490942156
TCGA-49-AARE-01,-1.5756282255785865,0.08013786029818577,0.7447622391695997,-2.649593558854585,-0.3467371488625997,-0.6321478504713375,-2.06281654970568,-1.8032618276601222,1.1462376267553225,-1.1476684159446777,-1.7605021430860284,6.691074696805261,2.191027511640701,1.1042836907888034
TCGA-49-AARN-01,-2.0401650412156473,2.366513330767505,0.22536726964724632,-1.235244569755891,-0.8615051058958679,-1.1257992411121909,-1.5914652190327256,1.0330650308635776,0.6007259530462554,-0.037394185567826345,-1.5912903456168517,-0.14316727132402285,2.7642142090013775,-0.05097767019540511
TCGA-49-AARO-01,-1.6776142488880836,3.034956279432878,0.2571941031214036,0.5509908655556984,3.4609595568091605,-3.455129893071497,0.8592342689740384,0.1570641579055641,-0.5931003050570203,-0.13781512961739598,-4.864452859546421,1.5426872249274761,-0.7790482155300935,-2.5229430755178117
TCGA-49-AARQ-01,-1.1917769611052487,-2.640067748410667,1.4227718077623144,-1.7805952805726666,2.0169229760781575,-4.989275612160735,-2.5032995513612,3.5988152860524187,2.9978085094886016,-7.406909530472242,1.338925931424835,-2.9410452166338446,0.14624235535876634,-0.7839064360505663
TCGA-49-AARR-01,-1.9790455543055234,8.77232554952369,2.6318643350791553,0.2417463039509943,1.6182066775639277,-2.9528709197800542,-0.4601108882251249,-0.6831150294698083,-0.08133808610318596,-1.4482690860642378,-5.725340889285536,1.8059033075823872,2.124236979215623,-0.6695040415431873
TCGA-4B-A93V-01,-2.5521199454682906,-6.787806360294462,2.872110717873037,0.3724517338601053,-0.7923289416810382,-2.033015635354576,-0.11686257677746353,-0.7278308092381309,1.7908762504484264,-5.920518244461169,-1.671427596633807,-1.4224600144921324,-0.7694164182338777,0.39094840738272596
TCGA-50-5044-01,-0.9845269571531685,0.938879444406932,-2.7084365649120454,-2.0702216846077954,0.5722784555935099,-0.1709487372150856,0.6631802589171835,-0.36839710772130996,1.0317671757069289,1.3999307172585964,-1.4948529858388173,0.24214817144405187,0.9944731571133765,-0.15472306965240168
TCGA-50-5045-01,-2.0361132524253387,3.0545572555374565,-1.3006520386449532,-0.2436185983498003,0.5339719438524022,-1.332740914124929,1.1639587243642644,1.142761131953192,-1.6049023258072415,-2.2039682227363215,0.14943148158657305,0.6675898323876089,-2.804602468510435,-1.639440652251902
TCGA-50-5049-01,-2.1763077035346474,1.1820183832025941,-0.9115541138022819,2.3243607565966364,-1.6754005648771513,-0.7365352991789901,-1.7231623895978114,-1.4708515930846608,0.7018731206115922,-0.27853666516294234,1.043721475948101,1.9422850011627895,-3.5026011497166896,0.44831999304357395
TCGA-50-5051-01,-2.5482910867807473,-1.938827195196253,2.2286148329109285,4.245915396649051,-1.411981074928221,1.9236242156998427,-1.3608983684809612,-0.07823466722385286,0.9089053171470767,-0.31684721827380796,-1.615897328803096,-0.6423888688444428,2.345900684547385,-0.12464523563269242
TCGA-50-5055-01,-1.8450394113475423,4.830092763807323,-0.04719929523631287,0.5331363996535683,1.2486123296853153,-2.464897614529527,0.4723324751078592,-0.4752379578527692,1.679547713630168,-1.2710867045389371,-0.9209134567898211,0.4501090838660164,-2.1741030597266486,-1.2332790558248636
TCGA-50-5066-01,-1.6814260775995535,-1.1724320093857326,-2.7160340463234127,-0.003361762570892553,-1.1567237866672218,-0.7598449234026579,-1.8037568503120271,0.04541749697482886,0.8264387480872369,0.2669712808070238,2.5686419075868474,1.9946566941807093,-2.9157743404029395,-0.2975204324041391
TCGA-50-5068-01,-2.6444327112047437,1.820585828101612,-1.625182156592242,0.244276318751519,-0.3702668785753845,-0.6603495528906376,-1.0728690659249072,-0.6573281431092004,0.32568957238039364,1.0895094675683428,-0.9118433025569113,1.4521336026557436,0.039092919711562715,-2.086151955456278
TCGA-50-5072-01,-0.33774173207410413,0.9041275071384813,0.625509811754715,-1.6694126366852096,3.725874045723591,0.4595118520517246,0.6290371555193751,1.2294244965880394,2.523567484896725,0.4484983869186646,1.5654617422454475,-1.2284171061736047,-0.07901056229405443,0.9916818350251586
TCGA-50-5930-01,-1.8144778515355362,-0.5907098716455491,-0.2567319469567364,-3.525199425808922,-0.6102141463762754,-0.4086831090732499,-0.9366381051125646,-0.24417978531781567,-3.279543723149691,0.5157534222180162,-1.6816208350447561,2.045770364630554,-0.6787793620240034,0.3372784989752978
TCGA-50-5931-01,2.3493422432757716,1.2033250407705556,5.627854919439673,-2.946434916470502,-0.7056931928197725,4.981026449866751,-0.8552530727571893,8.949248051530777,-2.7066771471488633,0.5087084046479432,-4.54477946853069,-1.388513191243467,1.0536779612555993,1.1245511672718915
TCGA-50-5932-01,-3.651135779023091,-4.092755261755289,-0.18003683617377586,-1.609532574799547,1.017944348309445,2.6873476104047223,4.775722756152315,-4.71261892050959,0.5988835672920427,4.274919787051547,0.6279457889577811,-1.1102196880866702,3.2905706760495463,-0.03582458757775971
TCGA-50-5933-01,-1.5233253869079715,-3.666252671010869,-4.331669085133038,3.135381403923197,-1.098143992234987,0.465565823346815,3.985961739164495,1.2310873796536344,2.9546260250074687,-2.8863716916328666,3.4939887594699766,-0.0419471602341981,-2.561275868612986,0.4522781448630958
TCGA-50-5935-01,-4.319833517686159,-2.5574769730159823,2.5647165651322568,-2.2560978045218585,-8.46123529845876,1.7164205266863328,4.705347454812341,-2.026726373812042,-0.9306623295662778,2.075208601806446,-2.419232506716032,0.8010494382596046,1.2092216381631453,2.2389113804216665
TCGA-50-5936-01,-1.3800082817919457,-0.6560461265921694,-2.8030099961799446,-3.3617628699279862,2.1033163054131294,1.9873784866859192,1.546356341835768,0.8913482970397849,3.5782202615914147,0.039614587096148325,3.0788775007923976,-1.6907255108233123,0.15339555343823877,-0.8632273244322818
TCGA-50-5939-01,-1.3062057869888097,0.9336988185487908,-4.0701190538444525,-0.988266049986568,-1.1083466698979778,0.3465521374658864,-1.578233112228104,0.3722343058390307,0.43870860899898884,2.936423868226385,-0.19901212497221366,-0.9884104471258639,0.6356745650950074,-0.6646185431480912
TCGA-50-5941-01,-2.038168568181688,-0.05139144199452846,-1.5695678297255438,3.5777149245091824,0.5151337462698028,-1.37366657360796,-0.31114330848707833,2.1958118155490016,0.8635363765769394,1.883929178044527,2.377607028397466,-0.15978815747548653,-1.8450289780898392,-1.7095911114553712
TCGA-50-5942-01,-3.1046269982604544,5.983723281667838,1.1625442542840543,1.1978957471280984,-2.8872352304132662,-0.016311163467341298,-1.4992975527849493,-0.37659325903748436,-0.6718695761629516,0.2577841950569739,0.4455190103571582,-1.4451519681614748,4.459826937697458,1.8592312726154756
TCGA-50-5944-01,-2.498296283839468,2.340376679581202,1.9618598495909454,2.5410154843887787,0.979552068428442,0.32852897344559784,3.641905334703754,-0.4034751122003967,-2.896386759095954,0.20325095482249925,2.115504595970571,-3.165687043019365,1.5763631324059482,2.1166972670139046
TCGA-50-5946-01,-1.4875998738924023,-3.98592706042869,3.0300405221625137,0.6760754507635048,-0.022443308450864445,-1.2110135793066936,1.47182754841922,2.8992261933299903,0.20706312282261333,-9.22833692298332,1.3193334996807864,2.8971963464442214,1.7976483778296377,1.629195309580129
TCGA-50-6590-01,0.0779276502382728,-3.1591318685621745,-4.000899171584399,-0.8325320161360598,2.7844501757783844,-1.4817355310450049,-1.8922323949924515,-2.077118985053412,2.294598720474235,-0.34860557270716724,0.4767196847464855,0.042485498239358224,-4.559680290489173,-0.42978126288631485
TCGA-50-6591-01,-0.868743600936771,-5.435117579076164,4.831813659849834,-2.052900060653381,-0.9747348675059199,1.9161987036314878,4.2923859178983825,-7.27603729702,5.892326728630781,-11.05225258795829,1.7791268641436597,-0.7685190745033355,1.2736771115392365,3.6935404931237414
TCGA-50-6592-01,-0.1950729096977298,-0.6392079821910167,-0.6410687798046999,-0.5360660233570805,1.2682779335118946,-0.10958049064215399,-2.9352306907375816,-1.4165479281734068,1.1923907445134752,1.6790900718562323,1.9362981894660707,2.193139082040718,-2.1672066532111103,-3.004369733075665
TCGA-50-6593-01,-2.3778430655434413,3.196150429671907,-1.1422478689260833,1.8016026794044349,0.3939766701594231,2.3465928464335444,1.4285442095311727,1.3525482877379786,-4.0120785335392,-3.2006944202922005,-0.5688196127839168,1.6020675224848169,0.8197735374201529,-3.4545265200612096
TCGA-50-6594-01,-1.794911446287926,-2.700053527486713,-4.311940120081934,-6.482448004291902,-2.0993105966596217,1.9278468922845053,-3.940363380363847,0.38045966527846853,-1.722059464651828,-2.2449455159258473,2.618648338287057,1.4987258327755641,2.0135201371834395,-1.3591531684691178
TCGA-50-6595-01,-0.21427720021021568,0.5839724175522101,-4.947835090001785,-1.898110577154055,0.5002177578401611,-1.3782020955017134,2.148956924770012,-1.89084065522611,2.240454837121585,-2.6031297405192166,-0.06922076570662535,0.4579061037283167,-0.6956618355289004,-0.16709275422920197
TCGA-50-6597-01,-3.545901904747314,-1.2172874327242142,2.5475230266567377,-9.849161885949158,3.246270664157301,-0.6053450629490695,-0.41086705945471824,-0.9949824824847822,0.17578653794250593,2.8111944627608105,5.368991234731075,8.514812248579252,1.9613430407293633,-0.1826663488430426
TCGA-50-6673-01,-1.9618077438280366,3.029679798711788,-0.3861090287756938,1.9245702908928328,3.5854946061870074,-0.42963766836213285,4.120109396134562,-0.2959502963042022,5.032348556510078,-8.722476065702017,3.1764266794756604,-1.4029259777855407,0.328318008052911,0.45953519181333746
TCGA-50-7109-01,-2.5768218983001723,-1.9565899765639103,2.5509523257556683,-0.7127955592321005,-0.00737075716847797,0.24065176181966988,-1.7916893095917517,0.19092823756151428,0.20956828216559908,-0.07741975685631389,-3.672041641141782,0.8277669359513349,-0.9592382659891847,-1.6854048136221795
TCGA-50-8457-01,-2.9748760012527624,3.0618384193909063,1.8786521181440337,0.27044716181966766,-1.7295099538656409,0.19403522366280077,1.305121057003568,-0.05355969480024049,-0.2238124077802318,1.8367825087050584,-0.49841530322190064,-0.962129445414449,-0.4921419462362406,0.4055382456529993
TCGA-50-8459-01,-1.1820182569615596,6.1093762534641955,-1.7738759212232142,-0.21920136715629418,0.7570533480839995,-1.228474132657309,0.6344617408986368,-0.6880904999550446,0.21047404863722421,0.24997607071117295,-2.50604404235883,1.1832307096476933,-0.644638080849422,0.41796619108047045
TCGA-50-8460-01,-2.5334220909208827,3.1122522553179084,0.6945146096795292,-0.5547707835130096,-0.09253567851876596,-0.9804921561383187,1.8898224388410818,0.897758330489087,0.017989002652012705,2.4043126196914315,-0.17256697683052402,-1.0357032501875016,1.3867706179479735,0.015208761334406776
TCGA-51-4079-01,2.4455678181742653,-0.278674830004871,-1.5945952478656922,-1.3611439842808062,-3.696896481098208,-0.3987136318095531,5.200413533959327,-1.9423464205787226,1.2891567394500898,3.0619935458004144,-0.9612983642781339,-0.8479044822669137,0.16106887319192215,-1.7772575637264894
TCGA-51-4080-01,3.3796280131668794,-0.6835057085487082,0.623961677077155,2.5617863063980173,-2.5777717422152606,-0.17079370713086395,-2.0894040279787127,9.02264150166059,2.0941733119175714,5.931221763177222,0.49775812063447705,-0.5109978874411603,3.5727294619364556,-1.162348217061314
TCGA-51-4081-01,4.490281159713829,1.8443928223997286,-1.0394746299762563,-2.747716862672176,4.646819653221638,2.6751147568495437,0.6262905308916868,1.621922161910307,-1.0499156085155656,-1.3192467608578013,-1.2897477275745302,-4.372024585299379,1.2688957870358104,3.323079146320425
TCGA-52-7622-01,1.2272646051816396,3.5372837337476826,-0.48288567250034226,1.8269382049310015,-2.5469348451489906,0.45959501117842083,0.6273385036670265,-3.220753049478859,0.8302955776936076,0.9727538763398763,0.6918034071473367,-1.1259402314434657,-1.8705997882383218,-0.07255261100930563
TCGA-52-7809-01,1.1278674886402618,0.9651259369820141,6.461202276782521,-5.034310460184745,-1.0132382597451972,-1.3483970518309174,-1.254217152539153,0.29535508947847083,-0.6544908530039131,-1.8085936375036995,4.193714553633976,5.372683824469172,0.28588590250009016,7.63570360169364
TCGA-52-7810-01,3.9694419714187257,-0.6832342730578937,-2.944987838015986,7.092634915283107,0.6427018338254001,5.810333533982479,-0.5992075687010473,0.5889185323247977,-4.5263126295247655,5.639324635842303,-1.0455654640249759,2.107695550895243,4.482773690781467,-5.2901431530696845
TCGA-52-7811-01,1.4405386937931486,2.1402948837632,-2.287386467062009,0.4462923102004091,1.563062882854455,1.2779478307103902,4.071598147627613,-1.7986970929220247,-0.5381824778315455,2.0475817524742257,-2.4426232537628594,1.1919671522039088,0.3599887208151976,-2.949868081840885
TCGA-52-7812-01,-1.5149863880690853,-5.177230070034062,-2.7280797016467364,1.3831935005381646,-0.2837460247638283,-2.315553414713968,-0.8056067292267449,0.42871715613491995,1.321578253710862,3.6790502662231055,0.18009292476385902,1.1876499173442814,-0.557803231943841,-1.5258436649879636
TCGA-53-7624-01,-0.1826148884616415,-3.5031781809154845,-1.178916058843957,-9.104888625498042,1.3912582204195871,0.5991593470672396,-1.4522735825005528,-1.7507611723575123,5.171585755092283,-2.09098057813,2.1187593856938367,2.7761029483165522,-0.21650374691229968,-2.1627613037061257
TCGA-53-7626-01,-2.564663922406881,2.6963551433718265,0.18460767989006271,-0.2095511535495147,-0.5817748177782152,0.4521251437617848,0.5602829257732382,-0.03999602787144197,-1.1778707269048945,1.5519704930451341,0.9290174393996141,-1.1467522358736697,-1.3745732450248713,0.23139254376312157
TCGA-53-7813-01,-2.302292929724145,-3.825684887811102,2.731268898620458,2.8719647210479913,1.392829324894254,2.5597641292763855,-2.6812707782863767,-0.5448126378975386,2.942072302347384,1.91784621762592,0.3361876246451627,0.7469303445507266,0.012872649688824773,-0.68908333382795
TCGA-53-A4EZ-01,-1.9041933990408773,-7.202050516465439,5.3619041394558415,2.3541890611358447,-1.9094064210348405,-0.7266159248155957,-2.1468031760983037,0.7400495702208122,1.826190006921477,0.4467712115001815,-4.968781219330767,2.783110171606135,0.3138255612365692,1.5310543493162196
TCGA-55-1592-01,-2.061124591427595,-0.021752310537268157,1.7088818270239465,1.5922497039960468,-1.0601059028339532,1.8772049659875418,-1.7599770881188626,-1.123611356453553,-3.284209441950584,0.8224900620770008,-0.17750037963117626,-2.9897630496703353,0.07242297491521078,0.3458167706140988
TCGA-55-1594-01,-0.8092781680642503,-0.3509982409080215,4.196668337770715,-4.903082354047952,6.1257532010845255,2.3558438651251965,-3.725141241767006,2.526749341574439,1.1103401140055444,0.1437913668927405,1.7287989223420452,-2.7550259029314668,-2.6613402647793976,-2.310584973475888
TCGA-55-1595-01,-1.8847435667183983,-2.149845453561419,4.27077884935383,2.397512527970826,2.1475626083285966,3.598171344101137,3.248303227949647,0.547724359547952,0.6732594008637542,0.5778570449610806,1.1368612941746556,-1.7290254958101237,-4.344018814908707,-2.781943375723719
TCGA-55-1596-01,-0.6751042672490604,-1.2859244529489589,-0.09474227581624037,5.782628510421454,4.185743172207687,-1.6960556936696958,-5.445681772542199,4.355183528569933,2.294788047356872,-0.712911417265903,0.6814996131652,-2.379255113381512,2.3985710489640306,-2.7080107279738503
TCGA-55-5899-01,-2.0984743976685527,-4.1677668936274275,0.774830008474795,1.891978669692065,-1.9802685545463568,1.0419678728758133,-2.23632930498335,-4.805964323914391,4.658238586051023,-10.08466899674978,-0.6419248512227111,-3.7897489170431236,-3.014498975247523,0.9920061504404415
TCGA-55-6543-01,-2.31433921348361,1.1275324314824922,-1.208059167586647,2.379582651320825,1.0889623101034314,-0.22472234397054477,0.4157917902823757,0.37375286018043147,-4.159522954171362,-1.26992277134417,3.3872476732565917,-0.8807977414906532,1.6423134802527986,0.30627118507292506
TCGA-55-6642-01,-1.992260664087273,-0.7266030780279242,0.14533867439963397,1.5900093910922204,0.34567241590280157,1.8493635039984642,-0.08110816987159897,-1.1969856006102384,1.496345218832372,1.055228822339177,-0.014536343507005669,-0.6568405323974159,-2.3529561098598397,1.9061286279939287
TCGA-55-6712-01,-1.795357949031216,-0.7944815874160766,-3.000105726909448,2.597832682492032,2.9481311976511475,-1.8595156153670944,2.150866342094821,-1.2090034213985124,0.8437178100217747,0.1563106840237818,0.7266673866640468,1.2310271286263885,-1.7582374747015208,-0.932062201362279
TCGA-55-6968-01,-1.2300518877491706,-1.9410278228280284,1.0316372922995598,-0.9411859032955734,-3.2662124803172867,1.210118821171816,-8.1128661080665,-3.4348817423062625,3.306077290036743,-1.1859673703860707,-1.8448335715932844,-1.1453171769705497,-2.694290017559493,1.2165961239828558
TCGA-55-6969-01,-1.3012383480941931,-1.3713364556885574,2.073195696229959,0.13142246250519152,-0.4892614809006809,2.0429310453602043,-5.1986691539274785,-2.432202462477471,0.44387854450774694,-1.0825342578984631,-0.30620202011448155,-0.5638642077195237,-4.373027830803286,-0.9572531777642438
TCGA-55-6970-01,-2.645851541865113,-2.754337273043304,2.447131200602102,0.8381746211026025,-2.5908582885937372,2.6324311903069164,2.9193080305809915,0.8787504786850797,-3.752900142359727,3.5160552353863737,0.9288749051720795,3.8618816354378724,-1.4550446336393545,0.5099707346384758
TCGA-55-6971-01,-2.2021145617352755,0.25114992439387884,1.2370586989839192,-0.5750062179495062,-0.5938558591675664,-0.6720962466395098,-1.491676590672538,-1.2007844481909373,1.7613635338716789,0.20423611754731455,-0.3504517428090641,-0.9428807151342263,-3.7711710106847227,1.679248437170455
TCGA-55-6972-01,-3.5719641628649295,-6.506454261311265,2.9460673037929603,-2.9145688621848684,1.4130398899636283,0.4816495076376038,1.6583958254830522,3.2115583692783933,-1.7768380624455051,-0.24874573158353255,-1.4306160254122329,-0.49846625622801766,5.6523082943122285,1.201891917124987
TCGA-55-6975-01,-0.6447350315768504,-1.1770005070887475,-4.172977278559617,-2.364343785258775,0.07883680924358259,1.7626914699066123,-0.34459814246646864,-4.634817365856914,1.0182336861025467,0.05654555379858695,-0.6750135244163347,-2.714854810394781,-0.16336191239987563,1.3549226612996514
TCGA-55-6978-01,-1.3687844497278285,0.549980795330271,-2.470725777371184,-1.9074568384722104,0.4499123809390424,-2.0091166482515312,-1.1243372570810748,-1.646726395598344,1.9216785415733524,0.7777728790865607,1.7243360259355753,3.435135541956722,-2.710083856664073,1.4607857396061352
TCGA-55-6979-01,-2.305070742001694,-0.44910431662692885,-1.6041760780441416,-1.548463051805955,-1.3834562331551596,-1.1861354734467953,-0.3403074218622731,-1.0293965849701499,1.8633004992826347,-2.5712589891724433,4.859236036297802,2.4221274870491345,-2.6579953656765367,2.2652687199323087
TCGA-55-6980-01,-2.2109277655685653,1.5971760584847596,-1.109947254713158,-0.20751891124073307,0.07106648562305876,-0.5003732432960208,2.6053052381105064,-0.19307649490997045,-1.7201952000680802,0.7127651168617511,1.429909556200669,-1.665586423214774,-0.38627935881818515,1.0896534550199424
TCGA-55-6981-01,-1.4853727518049893,-1.0029341212644571,-1.4651650631747037,-0.4066241430959518,2.2220086003721238,-0.8153885453363116,1.8481735463608218,-0.8218641823724536,-2.4132537530229525,-1.6668641650259568,3.3565913583606175,-3.377997731832175,0.6919514361339839,1.9502860090633092
TCGA-55-6982-01,-1.9576765653827743,2.1225755484144826,-1.6944202840897438,0.8336365009308293,1.4700066265834353,1.2103000622217357,1.267238696531741,0.16904220187081667,-0.3718947688419846,-0.9944395751010562,0.08046186428633612,0.28301501608306895,-0.16814490783916447,-1.8187708131063278
TCGA-55-6983-01,-2.5611570889170867,3.327215728565432,2.1540700646735806,-1.2823149527176407,-0.269694738141818,-0.8259133395569249,1.1758498242583344,-1.0917085371511455,0.10481549117532324,0.45382710626875206,-3.7620855595724154,0.24287758819175778,-0.0008411345257870392,-0.1615670222937914
TCGA-55-6984-01,-0.7782346108885255,0.9129579945365177,-0.46626665470244316,-2.45338468807344,3.3426375901998937,-2.4765559573621077,1.8646564468073643,4.100558824739871,0.7942625524029072,2.4484066062876115,-1.5567663371231193,-0.05899707810494346,2.786624808976356,-1.4863345157997039
TCGA-55-6985-01,-1.6514635206427515,4.490945684067807,0.46012418718809794,-0.007687791069329391,2.523230292699424,-3.312344241704908,0.42362174809634634,-1.1838249110262746,-1.390759874944767,-1.8716575525682828,-3.052785897528128,1.7390853407399405,0.04492609718116547,-1.5875051824728192
TCGA-55-6986-01,-2.1719726085997646,1.7005252107432418,-1.3099579049681689,-0.6262990911057961,-0.6512483491459996,1.4229078747413468,-1.7604785595888213,-0.7685683708088797,0.25809391748108357,2.1805040957255257,3.542827988154841,-2.998762261982429,2.4891701194740823,1.5792731338131334
TCGA-55-6987-01,-1.8224137996661007,-0.166162972650007,-0.7810377742171078,-1.1424725722495863,-0.7729231034821277,-1.8824219277243124,-0.6272941786274994,0.04024449898081708,-0.0403767794535841,0.2440237434738173,-0.21570716657475994,-0.7668804684937583,-3.475485727246187,-1.3700199450614414
TCGA-55-7281-01,-2.182165592605459,0.9264963499911889,-1.6612713253694644,-1.407231164756106,0.15827458791690016,-0.21493987486578062,1.731690043376574,1.188292483373105,-0.9347808691597326,2.317809637464223,1.2381253875606817,-0.9770869773502836,0.6726416923199969,-0.3834756852406762
TCGA-55-7283-01,-3.604537661794354,-0.31324970377925015,-0.43971673546291035,1.5063944616191314,-3.1445150540876288,-1.3307459002161461,2.812648274113387,-0.8301034126328427,-0.21741379954375906,0.6498857923929561,-0.03884545263020261,0.2636067572464136,3.687350037366579,0.7753598600101372
TCGA-55-7284-01,-1.6409911029026019,3.127882280844151,1.0817446331462275,0.4343936701027248,0.9344140531855669,-3.744005376540185,3.3883097847759798,0.758011849536168,-0.8484884786259377,1.4377404667583022,1.1238109951615858,-2.022629055807555,1.2147343426332597,-0.3354440504620027
TCGA-55-7570-01,-0.2569306333347655,-2.3054139749019558,-0.5348207698173959,-1.3169717171537874,1.989926838766059,2.2818277163469576,-4.616373250922212,-2.6480035102174573,1.6641540448490173,-1.4257844754477749,-2.040384350885324,-3.6559936032433624,0.7771747908383281,0.012986545799829415
TCGA-55-7573-01,-2.8979975144718013,4.730700930034776,1.8661666019028846,-1.4154682834137353,-2.1844454467802032,-1.8353230077878766,2.205515711472577,-0.1946757951860203,-0.915318509227197,-0.20485514411713818,-2.69306848527628,-0.06284344669898526,1.8425743806707062,-1.1916021896565652
TCGA-55-7574-01,-2.1547990657678304,1.4112386471047094,0.8829461890455199,-0.0035728924757520383,-1.3964759273316034,0.23309171001207915,0.6680126863064902,0.14576276782616576,0.8120157059095142,1.850260103203073,-0.11104359680328695,-1.0262638781292455,-2.4928009353777183,0.8672692765694889
TCGA-55-7576-01,-2.1089811692978,-2.469695948553039,0.5121799347110347,-1.3669127064891857,-1.1691709734026041,-1.205255107178195,5.897949254906347,-1.3018394241446842,-0.058588197981220835,2.7529058503941584,-0.2132150042217435,-1.680305378957066,-0.7220774274523284,-0.6778286874487754
TCGA-55-7724-01,-0.09012546849115467,4.425156215300091,-2.0207561506736553,1.038180424467013,-0.5552297179535278,0.23130724608038303,1.3215029631782071,-0.2165739431564696,-0.6648904400412137,0.38313594110463756,0.3704996045934678,-0.9719817904456415,-0.13954355010044875,2.10771083629325
TCGA-55-7725-01,-3.2188054600721405,0.08893289980989387,0.4832471546353683,-0.577668549405691,0.010117846747089768,0.6730704780999491,1.291851484874108,2.0704002153095997,-1.0734395736750955,2.678976806057751,0.7768367209639222,-0.9038706143184941,0.38325210418546507,-0.7197756770974009
TCGA-55-7726-01,0.9411342294467852,-0.03631792704241187,-5.777469715181652,-1.2636136672548548,1.6520301880588355,0.38282894692231556,2.4589443888833897,-0.4841435333909637,-2.3570973210559423,-1.5071525529008443,1.2995249008668823,-1.440404449423238,-0.4154676454350708,2.7324819735169403
TCGA-55-7727-01,-2.885169752483765,-0.1757389845707804,-0.6840281665940047,-1.1366703720593045,-1.0134493232637691,2.1477521233110837,-0.986896002379603,0.6910945255323299,-1.4258648982410234,0.2931189626298428,2.240594276477014,-2.1803130341279635,0.7158156326834161,-2.294498358505857
TCGA-55-7728-01,-2.442570535813348,1.5542843220865774,-1.4308709421253891,-0.6709430158597662,-1.191383066062981,-1.1263395103954028,-3.0594715429606607,0.08414283471890177,1.2750445669951354,1.1229017490196225,0.4686058980901116,-0.24677666327819298,0.8837789875509506,-1.0464302825954301
TCGA-55-7815-01,-2.2703814366259683,-2.053560196290735,-0.9419528707884582,-1.3446897357304934,-1.2161198859014206,1.352588195755478,0.1436856463015086,-1.549599016964093,1.0366943955730668,3.050585131696275,2.616440558527237,-2.9587280332331694,-1.3113863296423953,-0.35938530358397885
TCGA-55-7903-01,-2.6248001117619735,-3.961057649812486,-0.7080534026122693,-1.1190173859296713,-0.5711369902528456,-0.11824144363696153,2.0285521880829034,2.5338464328832018,-0.006015701583773899,3.894636151802409,1.8182911008266949,-1.2581837795327766,0.510057192407481,-2.3700534593240548
TCGA-55-7907-01,-1.7479181163448687,0.2930856626599125,1.3287921514128072,4.615781885692752,2.34326758161665,-1.7220850802439855,-0.11490146052263417,1.3133525100287295,1.469115048658477,0.8923962241112606,1.929294248781349,3.38732735439679,0.16729886575187794,0.509805942339765
TCGA-55-7910-01,-2.4384191153392765,-4.850284865311218,1.8493598241780065,-3.5768228104483946,-0.05392787238685161,-1.2320626917431738,-2.241718615525829,3.063303460761252,-1.8510526464256651,-2.53260161277896,-0.8067715624534034,-2.6022619701113245,0.1476425093725749,0.5051878997368001
TCGA-55-7911-01,-2.194335926299085,-2.330603614915061,-1.1796070790967939,-2.0060422008506733,1.6720965286017704,-0.6671513258043734,-0.6201479987150395,1.0612156378877922,1.2258397506070695,3.40453027258885,2.322666468537413,-0.6652214883731392,-1.085924681444748,-2.159801168627597
TCGA-55-7913-01,-1.458632517747347,-5.200534829946205,1.1503095748138665,-2.463252815741415,0.8289621833851013,-0.7817863442078006,0.5645133157699229,1.3894997927642985,4.039257882399165,-1.2518419507540453,0.5578015757774457,-0.629294668329362,2.0983679025007285,0.6430973801026671
TCGA-55-7914-01,-2.5579880915205533,-0.8319700460597546,-0.4006292978646489,-0.27687774395669495,-2.5799948969989317,0.7725694689623728,-1.978240813837274,-0.5725729485534707,1.9655850428698216,1.6069716508938494,1.3140203956138377,-1.6565607631135215,1.4077178166914095,1.3240565785625404
TCGA-55-7994-01,-1.5458999568181238,-3.239755573021045,-3.006445279248479,4.9025056094879425,0.37367585840260853,-4.076678220774774,-4.304456049614081,3.741562652480286,0.021400591461818205,0.5655261775029174,3.8448506355334424,-1.558037602291137,-0.6288800416080211,-1.1256688781116593
TCGA-55-7995-01,0.3516539700282639,-0.41061575974775516,4.457981780247412,-3.618477568813152,3.1099114979553484,-4.9730650654773445,-2.986285817129837,6.11391877203374,0.9745817428982881,5.045770335992665,4.011483566139903,0.6129928930810479,-3.062447958191918,-0.11989765307997792
TCGA-55-8085-01,-2.239637811248558,-2.860684920396647,2.5107514015538803,1.1623788914842663,-1.4447798189921262,-1.9088857618065411,0.5941602196733131,4.177120894849916,3.5926389591202565,0.006069738842586493,0.9824523095559564,0.8994839604716716,-0.9013701861240824,-0.14577682150958646
TCGA-55-8087-01,-3.1879731065843484,0.9348644519286384,1.5478824141911187,-0.28679701729991053,-4.661988176390113,1.5758181400281206,1.1661312155927381,0.10072296692015914,0.02295978382011339,1.9159415050594362,0.7612344275186799,-2.4996715813055346,4.634690369111308,2.7627407538266455
TCGA-55-8089-01,-1.3774918118187947,-0.3883946269705305,-3.946730056220134,-1.7416481547564722,0.40135816052955525,-1.4394817707250893,-0.2102422438562408,0.08396449173993645,2.851356999434982,0.6421217080986875,0.7419407582022906,0.7020571148828968,-2.806408472520811,-1.3433071265853138
TCGA-55-8090-01,-1.9790935417728908,2.6667776419745706,-2.4873448951649397,-1.252124124436504,2.5801463897814263,-0.17410821658773726,0.42712198783793726,-2.201206980862381,0.5171928445035314,-0.060798287476159805,1.1676979637967937,-1.0980244162829278,2.2753471627320843,0.2415781948216149
TCGA-55-8091-01,-1.6881092680482526,3.982347464167337,-1.2927580753241654,-0.7515757507593587,0.8912760117067702,-1.6866253124655486,1.3192435964472093,-0.09328894360139756,-2.0873656845076196,-1.3222324670071435,-1.2661521532955935,0.579052184469235,0.46068425666238183,1.03953536384238
TCGA-55-8092-01,-2.2493213000495795,-3.3042737715545543,-1.6288580947539544,-1.1007477693638068,-2.2161008545186567,-1.3715396499255428,-1.5792747923836383,-0.41297372689753364,3.414756817631918,-1.0903032609515704,0.7102833776367852,1.5463319036696548,-1.240788674124628,0.3841017354102202
TCGA-55-8094-01,-2.215320169047412,-6.670318217971455,4.127316334747344,-2.519152406159607,5.066992195979505,3.696694814883694,0.01474925711810548,-1.559019822803596,-2.85799132898608,0.2519722850151693,-3.891710971088545,0.5068401816319875,1.8366167287387067,-6.294336212938536
TCGA-55-8096-01,-1.9733347275768247,1.5907353080882474,1.1929503862154536,3.8371371337559976,0.8683988064550155,0.4300659590358906,2.6047598573388164,0.10673890288146552,-1.5679207869704135,-5.099395066497762,1.7321876303622765,-0.7353681313727518,-2.0330223334702415,0.983577124817947
TCGA-55-8097-01,-2.5599300804271206,2.5589891442216586,2.101729232006989,3.044653137462712,1.2692041218480343,1.2177617076550595,-0.5469760628288137,-0.6090189538727866,0.32773912502538505,1.9035096383092873,2.7559862459770765,-2.1676237215141323,1.711652476034755,1.4717092590339846
TCGA-55-8203-01,-2.961124990616401,-2.4952157862137048,0.8091025948432534,-0.996019078646745,-0.5444975673914562,0.3485357298665179,0.8127990027011788,-3.5888255139642626,2.2761597368026667,1.282172973115266,-2.0136266508116387,-1.4806345651317252,-1.4538759541823216,0.2728431325920316
TCGA-55-8204-01,0.31954225009519616,5.609386397597414,-2.5174632569107147,-0.9633094269330414,2.4032043430360948,1.9179427102050501,0.512022411732159,0.12926337302328242,-4.559563951760913,-2.722027357428456,-6.3455643289284875,4.590433878792959,1.1662582268322759,-3.02618290876611
TCGA-55-8205-01,-1.5538552700074506,-0.8267512317250553,-3.6015538008237376,0.3241086964862517,-0.6527214945493093,-3.9265085821267975,-3.6013890350604734,0.12633762483240846,-0.5448692954149547,1.618282751308443,2.0632748670776353,-0.6781235295859661,-1.7514926245933675,0.5430165835124315
TCGA-55-8206-01,-3.4338929542329386,1.734973644050758,2.4137564883005633,1.4271824279938592,-0.21217699600105974,0.13761197347060464,0.6318441633809363,-2.8666281684128063,-1.4252588852791996,0.053645193561168585,2.125951091910391,-3.294892161772764,-0.1409699016420655,1.7360068867096272
TCGA-55-8207-01,-2.854025701513947,2.459739776252722,1.8129191247233298,-0.9897255383466589,-1.6420496615466489,0.3350511342387925,4.1136176213050035,1.7820789627710016,-1.633187790587322,2.4844157195691663,-0.8033317977789964,-1.2017268148035003,0.43172617652327927,0.4091494536481561
TCGA-55-8208-01,-1.5436828841946821,2.752567091316524,0.4782691845638356,-1.0925031272149612,-1.0723390559248662,-2.320222121260239,0.24075669952066042,2.6233015974055403,1.1769883088221462,0.28205728584491435,-2.8059255262902436,1.3183317200145646,-2.767695747190702,-1.7089354524184133
TCGA-55-8299-01,-1.6939178226150586,0.9838655267190437,-2.6287706368781234,-0.914042725019594,-0.9020109140260498,0.30593824010568227,-0.4583052585860291,-1.0062621963666736,0.728343417900027,1.7360895933501967,1.728331364836326,-1.6385939281093618,-2.1262122267513686,0.999207405984942
TCGA-55-8301-01,-2.064942534381149,-1.60202102635879,-0.46284947183496367,2.5619763848353747,-1.433481880558757,0.9991286750581831,-0.5723588468810642,0.3308172652976058,-0.45380431293276136,0.6265819849752636,1.1427681697540053,1.1027663519097146,-3.747225551141656,-1.1125039917442439
TCGA-55-8302-01,-1.398821067799498,-1.5828163113537197,-1.8614470792894362,-0.6049128955060937,3.0012351168901628,0.016552713281957506,-0.8502180677447102,-0.5560208101207944,-0.01869305009123722,1.1045452439400796,2.4758457335012096,0.3283042919996378,0.0888617537236489,-0.5594938783482185
TCGA-55-8505-01,-0.6456396421125555,-0.21040747983293387,-1.9689607291160947,-2.532851032319954,1.8088053424069948,0.16620455500492445,0.11322416633549325,-1.9290985089131731,1.3549231199072238,0.5297659281575512,-0.509132459209177,-1.882257493714953,1.9604176380392546,1.997290677660006
TCGA-55-8506-01,-1.9180189544019368,-1.799232602787589,-1.4135437874026853,-5.6532785631152525,0.7320219826041524,1.7242221898321441,0.7554882700549678,2.8019575900307214,-4.3935104438359405,-0.5382256071282565,0.8716662880449185,-2.1194641678841664,1.4305453019880137,-2.624764391045533
TCGA-55-8507-01,-2.676385561599107,-2.101553955548167,3.1948019003174397,3.3116825371381347,-1.0623310605115506,2.501394351943367,-1.829494788012058,0.12876691491677483,-0.7997472174493151,2.0869011910558886,-2.2819757496830593,-0.013885131550809535,1.1811965741806156,0.21621108140725762
TCGA-55-8508-01,-2.066386800642967,-2.060677739857362,1.4007096399221362,-3.415398016484354,0.21267961133002267,0.500092394815258,0.013886493322502183,-0.6641031041931492,1.4142783178997738,0.23073135881641527,-2.602114838097766,-1.5107519793659983,-1.2195848854327394,1.2957133123924536
TCGA-55-8510-01,-2.5627290592903145,0.42062416165787575,-0.650424159328713,-0.09330394266286013,-1.9146273541585703,-1.2773720113642775,1.167368771586301,0.508917269111499,-2.4396304481738937,-0.8511391427311306,0.14557927120671932,-0.5559828886968702,-0.9103560054914532,-0.05611457048308101
TCGA-55-8511-01,-1.7857778516473726,-1.6297797413128867,-1.761625208335377,2.5171953434312115,-1.4225300879908398,-0.7804901645418378,1.5829884286635054,1.3069097591281913,0.6437618031223176,-1.0540100921146365,-2.3003469147494506,1.5702720731624085,-1.381038292757691,-1.1422065761958289
TCGA-55-8512-01,-1.8831153753863878,7.186966573932555,2.767527529578181,-0.7653188973940895,2.7544281713903307,-2.403639513621334,-0.08398777302617107,-0.5955848949694013,-0.23549768181871716,-1.0834049439069158,-5.362488875729789,0.9954202563661636,5.090121142080962,-0.6352485010359403
TCGA-55-8513-01,-2.35519043987469,7.1497575480224445,1.3258717331474108,0.26141376966853475,1.2234859337540624,-2.718991020611627,0.21661644816416104,0.5746346129248399,-0.245145972771343,0.4037942163203744,-2.836644476914912,0.9766967447901358,1.9974798229856692,-0.9909838861537832
TCGA-55-8514-01,-3.2621709577004125,-2.538656900901151,-0.23597161948498363,0.6849825679759635,-1.5300372271539384,0.8256901913675138,1.1069804334102924,-2.5420239387432724,-2.092918616662328,-3.4584511940042204,1.5675272308954338,-1.3458092693232127,2.269812152583874,0.9559904518626821
TCGA-55-8614-01,0.1667840355089206,4.487979208821835,0.5434784365429008,1.6663198870809885,0.44045399342491587,3.475594942155134,-2.4360816666727554,2.872278161141079,-2.9620095273429556,-1.1588494927067845,-0.7227825817185755,3.11826646440024,1.5894058369159594,0.5061694390798082
TCGA-55-8615-01,-2.403238219145089,-4.346330246330571,4.045758507969083,-2.778765513711822,4.061514758901913,1.6366707229612896,4.046845443833538,-0.9195913111180786,0.5845121323300471,-4.8173873329777654,1.0120713832892518,-0.8184901363636622,0.248298152703589,0.016310000595686956
TCGA-55-8616-01,-3.182539513243771,0.6287113884563786,1.526303618637511,7.548627681270841,1.3090705111811944,2.744518365203517,1.2315720935148067,-1.0738781184252193,-2.932768595393647,-1.6551688871550134,-3.180599910722527,4.782319815996834,1.7912707503131484,-3.6147381098877167
TCGA-55-8619-01,-2.3745238414273477,4.544317936652097,-0.24424624816479543,0.1659194584737033,-0.5879528123256532,-1.0089530440290553,-0.22414649693649955,0.07277816932472839,0.1803379671420266,1.6083531131581346,0.4362002469695523,-0.6878260378388988,0.17815019393785936,0.29157365374554384
TCGA-55-8620-01,-1.3865556843132896,-2.9143167089118385,4.634080552236249,-0.2645314053857826,-0.15207249482084675,-0.7361388718039071,-7.268924914885657,-1.5066205530459604,1.6801170896585016,-2.441256782893322,-1.8173750995671583,0.07872291868554585,-2.084404391555126,0.3608226402168165
TCGA-55-8621-01,-2.3252206428489806,6.231148344126923,1.2124518589220612,1.5691276337968243,0.4796354342900882,-1.8716575907520911,-0.23452932859209621,-0.7528562380359115,0.00840211018895955,-0.1857880924629515,-2.1971180331232016,0.35138494958493804,-0.14867114733805467,-0.23124037828257746
TCGA-55-A48X-01,-2.446242530329785,4.302364380694956,0.6487636476998301,-0.11403279655184284,-0.427178369628037,-1.3755688014680707,-1.16155197259426,-0.6740457581029955,0.22310995150233207,-0.46213315956364864,-2.9487827872307757,0.2088365829817049,0.9576415225341721,-0.6339990011793981
TCGA-55-A48Y-01,-1.5974518766770518,-2.00044432223608,-1.4880449470527788,-0.09741586015153723,0.2839812339942732,1.4420136226107139,0.719830885967614,0.15349733655761377,0.6363980651197851,0.8054644139105942,2.335205815179738,-2.308238396026745,0.025575053447718578,0.7172686749877928
TCGA-55-A48Z-01,-2.7442289252944776,-1.7164662217298736,2.136224467470855,-0.21003434987289665,-0.9164655174006209,1.0378309729082107,0.6004197700710494,-4.519441927383118,3.065630449949537,-1.2064159784055688,5.081074123344981,9.525062771457495,-0.660231728973455,5.109306000830347
TCGA-55-A490-01,-0.9941064617243724,-5.158544972273086,3.0732683995209906,4.706917661214931,0.0795053820318514,2.2100024810429626,1.072125377306661,6.705068455823112,-1.4790319680682522,0.8987931459396412,-0.2834086534545051,0.7030656896081059,-1.9174981000747648,-0.5358897640025626
TCGA-55-A491-01,-1.881000348336617,-0.18425552424923908,2.0217183507116196,-4.341216059117564,0.3613287382252648,1.7803268733108535,-2.6877011547514593,-0.050811155985505375,2.2446525612729826,1.2361808701435124,6.884369244597603,6.97469293990283,0.09323977384996397,3.607210158670808
TCGA-55-A492-01,-3.1764011133325982,-2.523207858339663,2.1184431967911097,-2.8535646398403696,0.2913957835994644,-0.37120343191980554,3.9584165889250045,-1.4332581164522231,0.7133593652559904,2.5659093996632185,-1.0247195454668043,-2.2845513711822454,4.4066938987719535,1.02185688643034
TCGA-55-A493-01,-1.0093550057207503,-2.520891824837519,-2.2584270598340717,-0.9280870781714702,1.5967520748192257,-1.8351174034576587,-2.162051511632756,-2.0639773002349124,1.7157326801778205,-0.7058497727178745,2.0140887624715464,1.9402463560226406,-2.938645765966497,-0.5049420343055513
TCGA-55-A494-01,-1.5325514855865754,-8.038185050262587,5.251688815033669,8.431587103696785,7.865817307064872,-0.8471488067777434,4.00441522186967,-1.8217374717338533,0.22002544717046713,-2.3944563441222444,0.8661217828176504,-0.5797012311420703,1.6482592086873888,1.4624173559536766
TCGA-55-A4DF-01,-0.2754558381028549,-0.43357051422094844,4.976009442213682,-4.559305765102326,-2.350381844435602,-2.1923629025544376,-4.3154791053084764,-1.8103347791889053,-0.049450852465475786,3.6693885850556374,5.3859734168016,4.212034936339799,-2.2808465374209166,-6.9606445502537655
TCGA-55-A4DG-01,-3.463470103665081,-0.7100438717353453,1.5539485636985892,2.3325518650109083,-2.2388426333585736,5.232826773049373,0.6076797897515132,1.666247602028286,-3.9850097223294885,-3.3535569298569956,0.5948404580657912,0.34268689199118185,-0.4063628628558608,-3.016202415334996
TCGA-55-A57B-01,-2.0320296714437442,3.0080678394318565,0.3917542107758932,0.5266588265183543,0.7088648547760841,0.13467753542141475,2.9991644327686426,-0.0933760602180103,3.0957021285144393,-2.4348880195970946,2.2837508969909286,-3.1044325145319625,0.9692744414800517,1.8478700633204372
TCGA-56-1622-01,3.9676846343880596,3.3746525541472416,3.2898205093326673,9.588128852693524,4.949631302446995,3.4794783453834177,1.9014905700524354,-8.6722066320104,-3.323700204128254,3.692563595140516,-3.8100347541341244,0.31359605167013044,3.1056731016388217,-3.188999058852195
TCGA-56-5897-01,1.4452903047969254,3.553131027234018,-5.110615935784036,1.704589954758677,-0.586796666120893,0.36131150096542186,0.45089272610845,0.31902184951533213,2.2060759521862057,0.7273710210642913,-1.4170907283250047,1.0675261800139497,-1.032113279093877,1.9467106162233885
TCGA-56-5898-01,2.153067911690721,3.311000569384223,-0.5622124379454003,-0.46252087212223236,-1.509941737745379,2.633683297575812,1.7435936201761553,-3.191597206707976,-0.7438157616011729,4.721287960568018,0.3553737121886139,-1.690537759598484,1.4124694336427468,2.2490034361235227
TCGA-56-6545-01,1.5244433161852304,0.22852453615340318,-1.3299657648455487,2.4250781065518416,-3.8013473190885203,-2.886763086802876,-0.4992006530563617,-6.4474304381656315,-7.622224855858739,2.6707214173422176,-0.03977256282360082,0.16338852069425108,-2.2799347653715696,3.73785477976914
TCGA-56-6546-01,-0.49352434866856115,1.0361824122482262,0.9094067162464745,-1.672900437778893,0.8810212935237073,1.1995005710397577,-4.597696801055824,-2.451664364639348,-0.7040859248795349,0.6943391609586361,-1.9561630957998217,1.859486171981845,-2.844635863812063,0.2594722752218996
TCGA-56-7221-01,1.8639925991929327,3.5597999096459914,-2.291940532147432,-1.7306790192039065,1.9708103780551893,-0.4622520415302625,-0.16618345903667148,-2.4236160490801932,-0.16179138770275125,-4.057900464704958,-6.582251766534358,0.26440543980899683,5.0167571898834336,1.306772318174964
TCGA-56-7222-01,1.7853851506724197,-2.015710556904217,-3.4978532160826137,-3.0370164742703736,8.383028990164094,2.8145340429531105,2.1017171089640203,-0.6937760464321812,-1.8128783187960504,0.9808968055679489,-2.019302250978617,-1.6054183738534478,1.7639650068626682,-2.5618608800025022
TCGA-56-7223-01,2.9323968314548186,-0.4349853373880231,5.239357991838889,-3.449115399115341,-0.6822175786621778,-2.1066898174165227,-2.380729240057178,0.9262780686752853,1.8018758853708392,-4.089659094651815,-1.0685785321791519,-7.366690076796043,3.5264332841242645,5.29059410019751
TCGA-56-7579-01,4.0282483852769,-1.0201926227775089,-5.069333983121654,4.83225524115768,-5.3226329617176384,-0.2898863472504033,-0.19684636391291163,-8.122672367744318,2.8793840695295434,-2.4205655851081134,1.9210512408433384,-2.9252479298757614,4.27018371511235,0.021235680533923797
TCGA-56-7580-01,2.8431966974084975,0.8267069201134752,-1.9688735408432676,-2.927361453096105,0.419147042618694,4.163214879582997,-1.73068979564824,-0.22366244417162606,0.15779913098849507,-0.1750053364978464,-1.5028780193091305,-0.9594074538989513,0.7172480500489486,1.8244326005869835
TCGA-56-7582-01,3.8446986385194117,0.39371242274125495,-0.2542751529602595,1.7884601755878944,-1.7619527524709966,2.0036738538437855,2.242623334301753,-2.9304767234334683,-0.03042822632934633,0.0540025539080509,1.2788228106842994,-1.332625370529043,-0.19113594572700227,1.1011210543474
TCGA-56-7730-01,5.446347234359072,2.7173740193881923,6.52362507248115,-5.027100005686981,5.365750122676023,-2.2612900493482364,1.021735452298247,5.289819092480324,1.8732455098695284,1.8821874870840012,0.3787176846143681,-9.315318086755822,2.251907060599075,1.768844779601462
TCGA-56-7731-01,0.21435648147709213,4.3715290289435265,-1.660016803228091,0.5081687313770784,0.0730671223656834,2.409146315842113,0.9074613663277116,-0.01569143569212997,-1.1853501146253187,0.6352999124303955,-0.5746626313605088,0.13945161666958278,-0.037065263300672446,1.6266680037823058
TCGA-56-7822-01,2.209838077245837,4.473085421089008,-3.891316650520713,4.029823158966383,3.8808127930543956,2.130440752124162,0.8232532481795202,1.2750921065592753,-0.49584622049134686,-0.49585744130563336,-1.6937555407205926,1.3022574256798634,3.009286749399014,0.7982399561299647
TCGA-56-7823-01,4.181879670597728,-0.9801837488622128,-2.415537705950925,-1.6514739529049944,-0.6707738635926237,0.293000300806714,-1.8725485189874194,-5.301997201876942,3.1959949496793185,0.8355893306519573,0.26972878895515656,-2.8706861032651867,3.8894699353022535,-2.7772209821441134
TCGA-56-8082-01,3.2022360423012493,1.538371063718992,-1.2971357252939775,-0.562781272739191,0.5948095875604055,1.7294513826157296,-5.504492179248309,5.351363823646524,0.32616288281040634,4.128984460666533,-2.432210813317581,-5.092149285230764,4.263522109865205,0.3962320096706469
TCGA-56-8083-01,2.221313696571892,6.96537194625988,7.727517066707466,-3.5066507645191782,-1.1642189025059693,8.300762125705017,-1.1177106906497647,-3.973582877378612,-2.8202074131606123,-2.39063424611915,2.0031711882382046,-3.52698936585284,0.7406779179551624,-2.8004333681086706
TCGA-56-8201-01,1.0545151927137604,0.2198123216166921,-5.133621272814295,-1.0436244132069732,0.11210746158952928,1.9582306359022799,-0.48819127091358233,-0.7239388816214366,1.2744606180403215,-1.1982528388827687,-0.584507707018916,0.279694913017326,-3.78888154182146,0.5677323988095561
TCGA-56-8304-01,2.8796547896529607,-1.0827681749663363,-3.132502961245176,-1.723342299837655,4.293031880362241,1.7742836302158365,-1.3410992546079845,3.012697260149611,0.48895755823647236,-2.370400812684102,0.47274311928030543,-0.21916477820154648,-0.27851168214712746,-0.7195218056159248
TCGA-56-8305-01,2.631025064783271,0.9164020937462125,-2.1183171286110882,-1.6706799088297724,0.8275867550846112,3.861667375525925,0.6421083807521091,2.7952334011066258,1.7807527560216467,-1.6639998184546672,-1.5368702807922647,-1.2870802288094747,0.6255905429423334,0.902286847601146
TCGA-56-8307-01,0.8977364387614117,-1.2358238490970932,-1.5940104429767719,-4.501358983787895,1.381107983501328,2.4508906921517353,-4.621707158906408,-0.7331964833793047,6.079808158340013,-1.8988024830251855,-2.7662772067876964,-0.9940570389296285,-1.908994671673259,-0.9335988807331759
TCGA-56-8308-01,3.219308342316507,1.3196601971898207,2.7706293134833766,-0.6514073748717,-4.031744437830134,0.7931821470439276,5.117391160732678,-4.819363981765371,1.2175760366283301,3.932435290647168,0.6705221959516203,1.1883126649987017,-0.26163269065423067,3.3443772043620252
TCGA-56-8309-01,0.08788275222328908,2.3231096699334977,-1.631717641825406,-1.4100856233857495,-0.9045029325759171,0.3496864147126369,-2.6876276156529713,-0.587110015888876,1.2931750114245935,-0.40153292300775856,-1.3548778167106192,-0.5949181265765159,-3.380549818346081,1.0632944040646934
TCGA-56-8503-01,1.745870441727993,2.7281818666728914,-3.6963883654350527,-0.8424185686690104,-1.0057239821843111,2.0348556706304635,-0.0067674727540751115,-0.7831657921659572,1.6651210392709876,-0.012756353574925269,-1.265798597190397,-0.13809294868631117,-2.5323567577063995,2.1470361832817684
TCGA-56-8504-01,2.7458616141630707,-1.1680071418213556,-2.3714231854496926,2.4918732585533556,3.8132457393317796,-0.836864486807281,0.5406106407020594,3.022912655220207,1.4452824415571282,-0.9922084602559584,1.2998061269131636,-0.7833080678457435,-1.4294292701044042,0.5449206202918643
TCGA-56-8622-01,1.3795753716718773,2.170989019372526,-3.2841585174734305,-2.9131278084555565,0.050394134137746,8.166506450103372,1.4139597040493566,-0.8558997187661742,-9.222767763910705,-1.405276703318604,-1.013108710783284,1.7121204784722481,-0.10872982414294532,-1.9708104002977926
TCGA-56-8623-01,-2.4492648487626263,8.027036038809158,1.4876693055981614,0.9436189967354709,0.5139521862828152,-2.4084945566280145,0.6054879196816978,0.2078114905322492,-0.49370619297487633,0.5365861036584709,-2.1177923792566187,0.5463895689866789,0.8636303211266508,-0.30635702696319145
TCGA-56-8624-01,0.5595226321172468,4.8267240887651806,-1.3512262088299822,-0.5014917657968389,0.1911738843951802,-0.17541104456041295,0.26316838511770835,0.7271303520311798,1.2058490994747155,-3.0525781885229155,-1.81922828509003,-0.3392911239438931,2.3311290975364733,2.81744089877191
TCGA-56-8625-01,1.2346726138205313,2.617889504590074,-0.5945917850437217,-0.508335771538004,0.9174566326841065,-0.056782069863307534,-1.7431571232632321,2.1001922386481118,1.7917578623009975,0.879254920071116,0.5695011038927028,-2.55355299657613,-4.808375351364067,1.8280696401208778
TCGA-56-8626-01,1.2135144811067649,5.096812349581457,-0.4185907934845747,-0.45731601026547186,0.5517310694432114,5.710233015539517,0.18139310457181945,1.7700679543550764,-8.03632320900178,-6.372705467804977,-0.24771878092820931,0.19266631176685622,0.08218159954577355,-1.4624168088625238
TCGA-56-8628-01,1.34450620510939,5.890246190729662,1.5796746016870318,1.6260433205858165,-1.1305065950546258,2.730382220335613,-1.7881622146023923,-0.38205507921872506,-2.783874195396501,-0.9783653275104129,0.09609212763717674,-0.8074657633741502,-1.1012678105522946,-0.19934670565433268
TCGA-56-8629-01,4.19056508117885,2.7665232786043097,1.6906368931447655,-3.1921900599134827,2.4503850814875494,1.1715475679864855,-1.0229003965061318,2.724552717533725,-1.097922992080013,2.4065157520645597,2.3178552767817813,-2.0745185378039106,1.1238076713425076,-4.893496854336557
TCGA-56-A49D-01,0.9795161299491374,1.843873879724049,0.17886382727857594,5.564983472820579,1.4574120702314213,-0.5246516533956922,-5.352718904892914,3.607410041130705,0.8314959006516395,-1.2330826345825705,3.889289381747657,0.7193953327872177,-0.07669845688578576,2.0822880939882
TCGA-56-A4BW-01,2.972055426934188,-0.8713218322792636,-2.064813593167642,1.1815777962773104,2.161362261509604,-8.028706803869623,-1.0036731719065761,-2.454065014633417,-7.883884024714611,-0.37930114880346705,-0.41100271728380716,-2.3926558114241194,0.6312923741818529,4.644680450740043
TCGA-56-A4BX-01,5.133105026537064,0.09290884961937212,6.496858376561527,-1.0172176615028836,-1.6722736107168457,1.3336117613437464,0.1304103239062019,-10.323153469428851,1.3003954172258723,2.3193402053443695,8.743222115585834,6.730262723876786,6.921092026603438,1.6859641454982015
TCGA-56-A4BY-01,1.8564489261161583,4.522217730657355,2.4738838907059795,-1.8413506919700637,0.08326668616584162,-0.9741250253087069,-2.984984582319986,0.47666961628218973,0.36481185973362995,0.08025559607388946,-0.5536580215484006,4.062710095891805,2.710314794423433,-1.1907450783875166
TCGA-56-A4ZJ-01,0.054722024198123415,6.140301559108906,-1.918522843279217,-0.48252265226580854,0.12185125292196236,0.9848949960259913,1.4369287053024515,1.7733716952989915,-1.3614438540114768,-0.07842749260347041,-0.9778738296549463,-0.054374842601954534,0.5892862050374134,0.9957998719854572
TCGA-56-A4ZK-01,2.647149164925571,1.5886018480460877,-1.9621993292150424,4.256272093767545,-2.4493053419586364,-0.5429585191585,-3.7122704108045936,0.04721673288654923,3.073825642538504,-0.8903049243346982,-1.1966465039421594,2.0141327191559317,0.6750974574156856,-1.651391936685822
TCGA-56-A5DR-01,2.39549409890821,-1.6929659526151999,-4.1613925935256955,-2.089139568886306,1.693688815818306,3.4080630852064115,-0.9727000107923155,-0.805438247596243,-4.878144934822959,-2.149499081683357,0.6003019837451912,1.9563168306540917,-0.0115476119853056,-2.236633669290281
TCGA-56-A5DS-01,1.3689731905060447,4.3667449188366,-1.593148572523292,-0.14538733438026083,0.8289096502667019,0.053666138562568425,-1.6848281065372568,0.031634492855276364,0.8434875921433198,-1.7741639686370265,-4.638783053212537,1.8780717710050758,1.146389392505845,0.2879100227410405
TCGA-56-A62T-01,2.7590945516827454,0.7744908335288752,-4.342654602872046,2.773681261706963,1.5580821565405452,0.8112507308880055,-3.698049876348852,-1.1091308256129864,1.8597329354643846,-3.215224913325465,-0.018427753449803495,-1.521672137119464,0.8687709187169824,3.196138806901304
TCGA-58-8386-01,0.6362052944892809,1.650985998569719,-2.939917608092649,5.751819504167477,-3.7410973875546145,-0.3147431183442852,-3.869777845532201,-1.8582155511757996,-9.242138143895362,2.144448168972817,-1.34339402917275,-1.265355668970304,1.1882359652311765,3.6105005364644267
TCGA-58-8387-01,2.424116510787428,-0.8918774165282486,-1.543412540406947,-0.4346898401655395,0.7400095183505588,0.17704308336968366,-3.728655153657154,-1.149531322758302,3.0016663475863354,0.29827646172819355,-0.4410187164903792,-0.9022344169293357,-2.443080103861698,-2.254888660501887
TCGA-58-8388-01,0.36719174794993104,1.7476170920543288,1.7839029658728223,-2.4660330548626073,-2.0834192177737334,1.882064046696475,-1.100433101380157,2.6728446599637072,-1.5044496099277418,-1.0590691271527004,-2.7071428764628966,-1.220348439860967,-2.5043936885426294,1.4019030869622917
TCGA-58-8390-01,2.1152427721866727,1.8932022949231724,-0.36029299331330944,-3.1125882591603227,-1.6323128255295567,3.3150670845321826,-1.2600153341459324,1.7207521544658748,-1.859207279295196,2.740830481690674,-5.019098883490206,-0.5218899083478348,0.46505559482755926,2.359834150091067
TCGA-58-8391-01,3.4063081085487683,-2.8622457201639873,-1.9346196011348606,-0.5630429786917122,-2.8178685701550155,-3.758855703175897,-0.49519272322223795,-7.074733785127062,-4.818622988202104,-0.20346897181091264,-0.5532133657445335,-2.903744968325147,3.060990044977769,1.486109058741444
TCGA-58-8392-01,4.1808451477531845,2.311820079579992,2.3210608423743215,-3.9735811598830852,-1.6798377644905542,2.0101001663510965,1.8916127870603878,-7.3549033806893735,1.3614435267928353,-2.029103208212525,4.170238557802013,-0.04999358788769087,3.0825906339501774,3.0264515191616805
TCGA-58-8393-01,0.5764921079400119,1.3487053995119695,-0.2645668439012282,-0.272100431709061,-1.926298145756639,-2.7717244385758693,1.633274879646045,5.254584108874662,2.4682873822657974,1.5808454072118612,-1.841773033243709,3.960100427498812,-0.5271541012732264,1.058714246925721
TCGA-58-A46J-01,1.0315951131740584,0.8016920786389273,-1.0599564171821545,1.1662034399532648,0.45523093198752984,1.857253745430175,-2.1649316616176906,0.962770258756027,0.05968115217342565,-0.10669329880185326,-0.019837050409034006,-0.7710358529627169,-0.06377411024733878,-0.23486429317258997
TCGA-58-A46K-01,3.1855740197727145,-0.09521771536351784,1.2341304952760694,-4.036157759446873,-0.47190935901212555,-1.052281943700911,-3.2530990872029073,0.8901236435241404,-1.4672024776139418,0.4841496829061482,-1.298378592552245,-1.3122351536165684,0.546137014904809,-1.1049250150345622
TCGA-58-A46L-01,1.8641251289383824,1.172154824853768,2.2062388193595512,-5.632469680088354,-3.9934964917032088,-0.6939953628070831,1.8406584108343584,-1.8771077653014927,1.102590027214629,2.643494162382384,-4.048071127933378,6.389135468841744,-0.42690433710890835,-1.8189669424653672
TCGA-58-A46M-01,3.988535345212147,-3.1767872399814303,1.4365773116007026,0.6888025134619201,-6.754530249854182,-4.326885562784454,-0.6527540873877591,0.3228668443516026,2.0539125796075823,1.1845443653585195,2.0226464426353616,0.27545343909049685,-0.7589506637899072,-7.268980829757728
TCGA-58-A46N-01,7.007380239440769,-3.0848659133854577,5.45518960619256,5.491289444304266,1.0026333326824326,-5.719304153760785,4.443871966261906,12.602284362817482,-1.7162687216719525,-3.6149273090317933,4.910797034065319,0.4014157243698493,0.6250997680258626,5.462591112315964
TCGA-60-2695-01,0.8384655060394824,-0.3661815162419062,9.578575256910312,1.7328473291484163,-2.3484319916083214,4.49060304592019,4.485403677625845,10.543168372224116,-5.565504478622154,1.3864459327910525,-3.184609251541881,3.5372137961760024,-4.295726118771772,-2.397792731958045
TCGA-60-2696-01,0.4021609643772805,-0.15923424745020326,-6.15164771716475,-1.6681207065415176,0.7420157788711954,0.7172149369300838,0.13336390944226525,-0.8892920029930677,1.562048874684276,1.1453905261955828,-1.4934645607874752,-1.3202306749906336,0.7256517549118983,-0.4288656842865266
TCGA-60-2697-01,-1.4380852405622981,4.401564521364771,-0.7321778224228619,-0.30010852161457724,-0.2682247556799122,-0.8153713221550046,-1.0087846499602784,-0.643293535822931,0.05131166745896909,-0.0007283540513747901,-1.601057580722656,0.2821548955141808,-2.024372059706199,-0.07633843981250811
TCGA-60-2698-01,1.5902011299753416,2.4657075795240484,0.14395497821345443,-0.6170881763188754,-1.2894873005487182,-1.524142818511132,3.8524107203168985,-1.3724220550930637,1.1025207132320423,4.551432647656677,2.024779653900566,1.0641145617102312,-0.7780635919445296,-2.5427842421599225
TCGA-60-2703-01,2.4446759456156935,0.11324262893676995,-1.0724239079444544,0.0857773657903053,3.608844726594964,1.906770615578805,-0.11325636770792682,-2.535260732144963,-1.0294565411919026,1.5371697902137813,-1.7198045773377444,-1.3173805503261389,-1.0853139128228397,2.461128523579528
TCGA-60-2704-01,1.4129273766016168,4.590791540226418,-0.30765132748870233,2.517841354530189,-1.5312586259632404,-0.6767831673538177,-0.2885369457179488,-0.1993374590046284,0.3156167244195134,0.2353070257842182,2.307821144237438,-1.333399022132186,-3.2568461654371,1.622540132006721
TCGA-60-2706-01,0.2726681639659073,-2.2231080351493753,3.12839302331826,-0.08289112511360495,0.21496696293579973,-2.9312012044925875,-2.9861077811321324,5.894903975204894,2.59885654955304,1.0196476606592724,3.2068347874427787,-1.6213215007824797,-1.8194408872500432,0.49182692389721305
TCGA-60-2707-01,1.784554707766212,3.589800794840487,-5.526598179541575,2.3963045337226556,0.40444713242703645,1.6888281043682565,1.2335091344613986,4.910860322062069,-0.9444134143712692,1.1992850626477747,0.39014044995394603,-0.9373929081572859,2.253414123584085,0.8292294980323247
TCGA-60-2708-01,3.333903797510584,1.3981158979892117,-1.1032500845251898,8.922467648779245,1.755225882605578,-0.44484510307599995,4.278979486503606,-1.5765894380546532,1.1265975511289101,-4.35813782515689,1.2939949802277713,0.8811407257021001,0.17222862944346407,9.154924863633207
TCGA-60-2709-01,0.9557489094936611,3.509412914618324,-0.38406501347289995,0.588208343197927,-2.5287996965272574,-0.21925787953383105,-1.258055696836407,-1.6604796832446844,0.05682083913594407,-0.20528960537240476,1.0107722552835583,-1.8925726230065179,-3.0272861095934807,1.8595486647100676
TCGA-60-2710-01,2.9229480201643248,4.0825932843764665,-0.9695100458866625,4.615421541214686,-1.541579094446163,0.8185002006294214,-2.927739777318877,8.207476785985389,0.33346372221927456,1.0327195472656907,4.025459211559769,-2.076161805135046,0.3263198740483864,2.0170930188342755
TCGA-60-2711-01,4.512874918031992,0.3408061723936555,5.360218111184627,-0.6488030897609969,-3.3176363930672683,-1.7529440988914387,0.6597084811723328,-4.6883734237570245,-1.1376835501162612,-2.4885742352918303,-2.365358009289037,-3.6587131454347004,-1.9262871491973803,-3.740982970470533
TCGA-60-2712-01,1.3420093321739484,2.1678825044469563,-2.0511473001043625,1.8250113200885605,-2.6874254407895344,-1.3422182464764378,-4.915471743721468,5.653145291150049,2.1195452892473803,-0.5607720212514676,2.028495084353767,-0.26295865809656127,-2.5819395503424087,2.3958338944333453
TCGA-60-2713-01,2.765667709786775,2.3003523962316064,-1.5077917871961324,0.36554834927538243,-1.2998421955872976,1.267014837309821,-2.5148943301908018,2.8171158643756513,2.1402559291406007,-3.8884870063755517,1.7404465423680726,-3.0398067183849693,-3.2839024061521362,3.740708233197337
TCGA-60-2714-01,-1.6347169744328285,-2.3930598320705125,-3.191027464954193,8.81484881573544,1.8132153131891275,-2.697324578185193,-2.6018846540364597,-0.9516578482491448,-0.6641503712841373,-3.9129461082504458,3.1545176916646867,1.6329425616699256,0.14561673072135872,-1.6890646509254479
TCGA-60-2715-01,0.2737731456730908,5.802050636585073,0.8251712743454863,0.7897154396264651,-2.3660515456563713,-0.965197677297063,0.9450371057515407,0.1654130472424701,0.9246830351354791,-0.8970568827300341,-3.517734780617057,-0.5492234454263523,-1.6191395800683084,2.5170424574876242
TCGA-60-2716-01,1.106822455172003,-0.4264577012156802,-2.277364129064697,-4.184925159932923,2.719452387093909,1.9427023432856487,-0.9693602180512016,-3.930240731368347,1.884545034344713,-0.46501531722024503,-3.3757601129957457,-1.0726588901974918,5.242661253253012,1.7869021018284252
TCGA-60-2719-01,2.8753636209325864,1.5338294229219618,1.0782171164091081,5.499067184791041,-0.5997792559584191,0.6379601034297211,-3.419490907465373,-1.8171011803405686,-3.5917385813754086,0.8367329220354206,5.273477866950348,1.7901482378642435,1.2056372992608957,-10.135807193913504
TCGA-60-2720-01,0.5155435968381082,2.5441329818750766,-3.2968868539287817,-1.588734018038066,0.8719372685779923,1.4605269265663898,0.1714696162116787,-2.0155465058558764,-0.7268864406653576,-1.6812484734429753,-4.360953871554551,2.3609963523094133,0.30269088545853934,0.10928279805217596
TCGA-60-2721-01,2.1027047932361764,2.049208703864657,-1.6596140907818202,-2.09569685814949,-1.5489431736892383,-0.60736535917399,-1.4782055455793783,4.6976692112733724,1.7268156622739572,0.44871935481216796,-1.1570597692569051,2.095012810046972,-0.5788969803612357,1.8625075387280614
TCGA-60-2722-01,4.768892042978885,-2.1000705379789233,5.12774151157803,3.3162681862536108,-11.508236088198203,-5.80682162075273,8.22983242120426,1.4375757636097266,2.5955818591137665,4.1869756726319585,-1.4661854230310316,0.1172788496970244,4.233904136592548,-5.912657871955312
TCGA-60-2723-01,2.499148925628873,0.4647772597231122,-2.2795809515561665,2.592644632879714,0.6586623053262256,1.144192165720417,1.13344241837163,6.352221355466361,-0.29362460818298125,-2.6992830465351654,4.243320899315354,-1.0635332093889995,-2.709452088708239,1.1938500467688988
TCGA-60-2724-01,2.577134289886166,0.005558592870895401,-4.382394824386787,1.0254647292321186,1.5780014666269118,5.456737023484469,1.2671256027812174,-1.6156022509846737,-1.3400073910539658,-2.8424257246306355,-1.1039596863525654,1.315423230045743,0.6004484772891163,-0.45373115586491986
TCGA-60-2725-01,0.9113698834527693,4.563843146232429,-1.0583311053980458,0.209349484736359,0.22570388104675207,-0.4505568433509248,0.2786023591690958,1.6696382827922827,0.3334612390010295,-0.42528805767764266,-1.9217948391004014,0.7244495141183184,-2.2641793690785863,1.3059180532527581
TCGA-60-2726-01,2.6908821259226845,-1.069777268313278,2.178367778217238,4.907091877283618,2.517429386691898,-2.1187634526434573,-4.495630717470198,5.927562405902463,0.3019335890798352,-4.297296057062781,-1.3128998293626404,-1.3738971999671967,-1.8617926238591516,1.751437812845232
TCGA-62-8394-01,-1.4413973378992115,-1.6238354284917849,2.84906151463664,-2.9706631826764,-2.4731401037468657,-0.8285877660572407,3.1141196213458895,-0.7702664584842381,-0.9936893233623384,-3.924583355214083,-1.2104593597426325,3.5047092388037426,-0.22071366955393618,-2.768480661032521
TCGA-62-8395-01,-2.921060689926219,1.3373707512952961,1.343965365252338,2.1559328159889515,2.279791002227422,4.692901919030417,-0.9951146421320219,-0.22575125821064643,-3.4595822766433812,0.058969368765217564,1.6602179200714227,-1.7648604384327815,0.9017383323428562,1.2624565783095993
TCGA-62-8397-01,-2.7564371329341624,-0.5297176072910962,-1.946570617070465,-0.04542509019956278,1.3988839717463604,0.7311125862910249,1.2155175524921542,-2.0717495540842625,-0.5831244577545406,1.9483745497470506,2.4894573031298193,-6.242843199024782,2.393658466728323,0.005822928362437443
TCGA-62-8398-01,-1.1383506578478977,-1.9178082756311594,-1.070563540927107,-2.156348674856345,4.161504399065189,-0.24301689390379572,2.36446926250635,-1.628253851461967,1.1927065937885748,2.9878178850227286,0.9365254574696581,-1.8839419068525933,-0.6101645277951725,0.0548076574605948
TCGA-62-8399-01,-2.2172980860087703,-1.1056617337362729,1.0114264817406853,-3.1560929213787476,-0.4758688547799844,1.5048538357182983,0.4655175686394786,-2.2373057154582163,-3.593977944123086,-1.6729585625529586,-0.016473849982972143,-1.2724591852989429,0.23309020294326438,1.3956270876982526
TCGA-62-8402-01,-1.5065143123544555,-2.9947552583552213,0.023250726192131643,-2.970718812457125,3.5745216489103897,3.9772906317732457,-6.052211915950107,-0.14368471549789874,-0.0729765838963659,-2.366578025507295,0.0951909388712839,-2.9328217610592797,-3.11153767052144,-4.235009495846646
TCGA-62-A46O-01,-0.19810899012792438,-6.2461500994795305,4.710635791913744,-7.371861585811126,1.8912633198274076,0.031080316343639912,0.8095899355410332,-2.4932804280466527,1.076010570962844,0.573730601592282,-5.356119961609128,9.846735468441267,2.4654457190256576,9.076370343159333
TCGA-62-A46P-01,-2.9464942676468544,-2.578060869615137,3.25759156639554,-0.02364165563260157,2.0432624349154924,3.5300440731232086,2.626960268842942,-3.70401995375661,5.070346789549411,-1.5409920211699,0.5540752126549177,-2.028456445433388,2.0461324793667677,-2.1760221170305867
TCGA-62-A46R-01,-2.987022766746326,-1.680546131620207,-1.0792192045845508,4.010033899136755,-1.5912304886230304,-2.3446347888867405,1.5423915518537186,-0.9216561725957639,1.3362469988212866,-0.555943261497053,-1.7568267297381572,1.2021532705656315,0.9981131714981305,-0.7287795740121692
TCGA-62-A46S-01,-3.1249826538291923,-1.5915421234747198,3.715553760010242,14.804671251465145,1.0132841203927245,4.575661060753219,-2.367322755383345,1.1635805397503016,0.5430636133425533,1.2065562561112138,4.128122230845585,3.694768599533604,1.138715558694322,-1.107600170765749
TCGA-62-A46U-01,-2.495735407549402,-2.6687371037313476,-0.6189173223143908,-2.3642110290395113,-1.179808799129418,-1.5376648021738806,-0.5316962262034077,1.8726861950415092,1.3703595909732134,2.5399755762178824,0.00544202269906318,-0.3592745893663004,-2.223824011160897,-2.7754652033960725
TCGA-62-A46V-01,-2.4182451896724437,-0.6585108079352494,-0.16630817396034342,-1.3433994528204187,-2.793340569110574,1.385134240664373,1.379699031220377,0.3650988242546746,0.428621911879454,2.21315259167749,0.7125290712243686,-2.104975620186124,3.440780359180374,1.7124598745972235
TCGA-62-A46Y-01,-3.0711108652744215,2.034897602908574,-1.4342010577734425,-0.1462932834117617,-0.3153183119181422,-3.966998311260643,-0.951725743850083,-0.07516096010043588,-2.849871071082428,-2.856705108863633,-0.7325999257458066,1.143492071991098,2.673831416959782,-1.4740595787925308
TCGA-62-A470-01,-2.4757232395418143,-0.5807377677888568,2.7706806807862043,-0.05565028015830498,3.8315163670512558,0.811203250076297,0.5803447356669572,-1.2039362520004784,-0.36670379141212256,0.9095390278096523,-2.6239882699137262,-2.7119828876660237,1.6732698786877447,-2.193531856589044
TCGA-62-A471-01,-0.28964513862991903,-3.113639534864328,-1.7828628198409986,-6.671097891663332,4.512171597799215,4.168481415379955,-2.990273983119855,-0.41562253160839996,-4.528422247290467,2.6510458918232147,-1.1788546768036612,3.5445769578099973,2.098259053054314,-3.3447919441327696
TCGA-62-A472-01,-2.3290904231107956,-2.5813462335336315,-1.7103868233681945,7.646982691754998,2.6727651368302783,-0.03547072989664399,-2.655588669578332,0.6600997430482256,1.7746944014190351,1.012962633368004,4.083405044796971,1.0365074818643745,1.098620143804656,-1.3312319150741185
TCGA-63-5128-01,4.231161749906877,-0.6500052486829475,0.40418927627779955,-0.5401213013250882,7.0857535453886324,-1.479235069618368,6.131892421453764,4.422460732305901,1.9626710048470324,-4.89156020795837,3.0519495862723947,-3.650116859050296,-0.42650364409105923,5.2651193305188855
TCGA-63-5131-01,2.9400859595660984,1.294749671675617,2.3587054854373712,-1.9296728991277308,-0.09899470653587145,2.8673347784022125,0.12270233890420956,-2.6325249193116016,-3.069255320341961,4.023115414667239,1.1669319881986397,0.7150245212496178,1.2326363120447745,-0.8284091513165597
TCGA-63-6202-01,-1.9892192088229643,-5.163491846458452,-2.0353262986637946,1.952222535684434,-2.2119444313939107,0.7909734606082043,0.9051320192227091,1.158362021557341,-1.2106929431006836,-0.1061163544469616,-0.0018819096954977741,1.3472414861660356,-3.9893575006093687,-1.9263878057958759
TCGA-63-7020-01,1.243850079029965,1.3485309872022941,-1.3364718206436226,1.0127942076426393,2.9843350477568817,-1.6119124328743002,-0.25646272442369406,0.7117772585642158,-1.9287807703526074,-0.30365501896631797,0.6912046702180162,2.387226981866153,0.294865126277006,2.8940511182826416
TCGA-63-7021-01,2.4193486455546362,0.8284092312854413,-4.105800918982613,1.0931129608746644,-1.2268264407980487,1.0277997014274545,-0.1869563838274129,-2.566326373880325,2.6190540397928563,0.2066899633487654,-1.0085811264576003,0.586163094372536,-0.7654237590252239,1.1787038105335006
TCGA-63-7022-01,0.8170002580104324,2.894595420961796,-2.5919535872151642,-0.28986349766034003,-1.4951921611109298,2.026904657582714,-0.7452160216137514,-1.069234341142955,0.5991005219178518,0.13177588561698778,0.143737208458102,-0.46842041439150867,-3.73295833252336,2.9189840512128575
TCGA-63-7023-01,3.882846428497823,-2.2385795131462207,1.906329660359738,5.623673282565455,15.185573928624422,-1.4356868463808738,2.2330197659757416,0.8855524396429315,6.632519891871239,1.925467365110813,-2.519331835422572,-4.152933770018403,-4.905831663206705,-2.4920343977391957
TCGA-63-A5M9-01,3.503205673803286,2.1809990559872188,6.968393442936696,-5.773061436964028,-0.021138803152669892,-2.2576520794858888,4.521259265114569,3.0384367608662934,3.2641302811204964,2.2666359085882237,13.425891051127596,7.313291561279288,-1.3929970761465857,-2.872857504975918
TCGA-63-A5MB-01,3.75300141267634,1.226043919945355,8.113916235548498,-0.9369406470255935,-3.6040105254715766,-3.8070313395255977,3.3704481039887058,-3.321382665458081,-2.5969596937769173,2.3568509549971193,6.035352108715713,-1.2942030281082149,0.2061734094081623,-8.444988878065683
TCGA-63-A5MG-01,0.7758121202114221,1.2615218263446317,-4.325640733823047,0.3775425972113872,0.6294125175895818,1.1754729647962125,0.5907833008673614,-2.7141607024822094,2.3007380305977403,-0.3756978144918803,-1.6909822575866231,1.6729357864875078,0.23822881716816935,2.1014423823948816
TCGA-63-A5MH-01,2.6900108845916932,-1.384294237327724,0.8056437932707963,-4.6941482338386304,-0.1562879945510096,4.365200257628802,3.616339939250967,6.9159250786183675,0.010111240126542681,-7.198587765136748,-5.5821997926626326,2.9226859061986814,-0.9855549008230267,-0.26295488387614946
TCGA-63-A5MI-01,2.575782387022029,-0.3004826761709511,0.2365440237017947,-0.1982429682138387,5.378349995329682,5.330078987276497,0.5381489674885713,-3.3219144421360807,-2.045546491142454,-3.255264876544094,0.018069748369151546,-0.09916143429566852,0.0022451341997296857,-0.8637514082059953
TCGA-63-A5MJ-01,3.9153096640765828,0.5510460961270888,-1.309647211217515,-2.382559161026737,-2.531893814918305,1.4441319138533957,0.9137842346258402,-3.5751599490042136,0.9257538287695496,1.4586907135617002,-1.1515242537570745,-2.4302351569187537,0.11217329147961169,0.738865026011472
TCGA-63-A5ML-01,3.933210798443527,2.05268115460024,5.074486247583426,-0.0705081784920748,-1.5632566953145315,-1.5399502120126767,-4.126694558431243,15.911849627469103,0.19560082184605368,0.8672913480049533,5.104514395675078,-0.13808219324790696,0.0893066800999781,4.129600724592255
TCGA-63-A5MM-01,0.33122653335281044,-0.8118845139975377,-6.417833990304179,-2.654848129057701,0.11922280171133627,0.8763939373187285,-0.5248359925830545,-1.4267424400211677,2.0091232766957465,1.8174998672622595,-0.819792447941943,0.6526691511345436,-1.258786125989234,0.19220657987139778
TCGA-63-A5MN-01,-1.08937327225534,0.8268605513187284,-4.206278315977389,-1.6912544723667502,-0.25102952424019437,-0.6567447140142976,-1.4514161903243903,0.003265545295111404,1.1027355679060602,1.2442563709013221,-0.5278018436627756,0.5450610267297928,-2.669042388792965,-1.2516774672997615
TCGA-63-A5MP-01,3.14104279033902,3.491215533158185,1.5785479946106502,-0.03817742991454567,-5.523867532586268,1.7696372741673028,-2.708164515528572,-6.069619781122068,-1.5275195050394696,-0.10956770310265931,1.6928248902152,-4.748239658948688,-1.286067939574462,-4.515610793395438
TCGA-63-A5MR-01,2.8131210359601364,-1.4405540279353204,-5.422295197742458,-0.32765672223182346,1.728388220218884,-1.905922856710357,0.29286907959086417,-0.846211813233699,0.3520799135460391,-0.25490375336116305,-1.605856789996262,1.6915399974956618,1.8464942177293127,3.930966775114781
TCGA-63-A5MS-01,1.0738102442474187,2.923253466742546,-0.8834704324094025,-1.719179859169204,-0.8289471945945776,0.8762054173746445,-0.9446723661146792,1.2405844825571406,-1.4551519848126029,-1.4895764161734308,-0.42552939300725734,-2.235892267493051,-1.8717279415565076,2.6782246552053968
TCGA-63-A5MT-01,0.9456595747385348,-0.6486784608045408,-4.903468697484438,-2.366366774660742,3.190686436069041,-0.7091496193743061,0.5228737627817795,-1.1364649073700788,3.767210222952744,-1.3785258474129964,-1.170653101208227,-0.3428113120875892,-0.6202206585654931,0.5610356393660338
TCGA-63-A5MU-01,3.033988398401855,-5.0259605831356495,-1.5410519347246943,4.427471964590063,-1.8734478332720064,-2.8443624577756808,0.7703016050768837,4.231652211119338,1.1464928267584744,-4.950273516967369,-3.738859603973289,2.295497756131471,3.085275319517511,1.3447259505695517
TCGA-63-A5MV-01,2.190823958560527,4.420042218256324,1.8717237488463514,-2.0893624644864945,-2.460526168709572,4.594274220213734,-2.055619601995274,-3.105662989806751,-2.757559596068289,-1.701378115536238,-0.6249034017355611,-0.14801426489946784,-2.5162336925834903,2.381388243064473
TCGA-63-A5MW-01,2.824130358129392,-2.28797660731805,3.6136460113930347,13.117446383758073,2.4907236249481186,-4.222495998337788,-5.550300808544537,-2.187168131480035,-20.36987540027366,-4.770103596632155,-0.18475785210244106,0.9310429112028332,-1.665105263824677,6.671430808010428
TCGA-63-A5MY-01,3.9159568626232804,-2.7555508721668853,0.657079559028878,0.8742823907844709,2.1779668501395095,4.063818931437346,-7.046011426811851,3.8334337426144027,-2.855137149430114,-0.5536636906744469,1.8980340996404796,1.723664055948742,5.827036537921777,-7.037851747595023
TCGA-64-1676-01,-2.269989231468482,-5.142022800363785,-2.6405433913245786,5.722921523786477,-4.462976305041,0.5485954175535708,2.614726401854524,4.515220206391971,2.062304017089225,3.158296599567055,0.5927923593633617,1.2859567926710815,-0.2810995326196687,-1.6376749654152036
TCGA-64-1677-01,-1.197070429559554,-1.6501518072016974,0.5216492125571188,0.33756821095387396,1.6117481924693928,-0.13344622791570337,-4.12497978663639,-0.6966038981824014,2.0044955914557634,1.4109571975372694,1.4472053124520903,-1.5623331800889386,0.3371736154338037,-1.683752402358053
TCGA-64-1678-01,-1.4024781736863294,-4.281214862220949,2.0977897644218966,-1.792992126357957,5.892119950297839,2.891463042442548,-3.6769818576631845,-5.597348516428467,1.9598805071872307,-0.8874603747943312,-0.9854522095074029,-3.02566965941611,0.24230904949601403,-1.1705689702587254
TCGA-64-1679-01,-0.7528952734179087,1.6106719666206448,-1.575641453810291,-4.400807854995776,-0.18647242542876288,3.293150897979324,0.6535597554682492,1.6815692392718984,-5.653612152616166,0.2927951990931782,2.75356060063251,0.7287980886764475,-0.06413460655796363,1.1465986265115535
TCGA-64-1680-01,-2.7607108123794006,0.882793935837382,0.21854882924811894,1.970826757709724,1.2167382869034402,-2.2188323157153516,2.9079323807475723,1.1059171580956946,-2.2468048260802886,-0.1937403607740864,-0.011465029029602659,0.6787640958655646,4.98608045575636,-0.6153470962678212
TCGA-64-1681-01,-2.9981823322590166,3.2793558601941957,1.1516629756732593,1.0748507723012397,-1.180180341907321,-3.4875108087261313,0.8110108073103,-0.2272878255529589,-1.0814773790020207,-1.9837944875761309,-1.964959961905915,-0.5230915536950176,3.16027584886614,0.5307921738509866
TCGA-64-5774-01,-2.2803253502102896,-4.156592032294551,2.002182602486881,-6.538187937948796,1.4826809089774848,2.1942512451033913,-2.757687770041666,-5.629925173534004,0.7555032364315796,-0.7905748340485615,-2.9853721859795543,-2.5581621697276997,-0.07229369014631479,-0.08948980899674405
TCGA-64-5775-01,1.3311638541749422,-4.777968612642522,-2.094360110746587,2.4762333715213924,10.297026596209982,2.046128193231574,2.5006288252303204,-1.4022183617973714,3.473248938201137,4.229196297899398,1.8830996398725008,-0.3306506366866068,-4.852437610696519,-2.030972495584038
TCGA-64-5778-01,-3.168003752255473,-0.5664681394625053,-0.6679039234241617,-4.424922538725769,-1.8537391609614993,0.24748729772812775,-3.1647126389242253,1.4605519112131033,-1.6588842353404787,1.1940485960478044,1.4920420680912563,5.135237495318747,0.6893941502714244,-2.52942255563595
TCGA-64-5779-01,-1.7804421460877318,-2.238350634868561,4.541803600926357,4.381796424089573,0.4435365305957689,2.2817931419317814,-3.337752306674428,-2.2748485570535504,6.6247189514087665,-3.2172475875388464,-0.29748821905150075,-0.8075076096734893,-4.102022659995584,1.7500490064764336
TCGA-64-5781-01,-0.41930529996141586,-3.437688138846566,-4.1961290773223086,-2.065085449512406,-0.7327995505595041,-2.440331540665692,-0.07177292867888058,-2.327537338578052,1.186022054488082,1.588132599039577,2.372099602910897,0.9499624645881884,-0.29604899726085426,-2.8892638726818443
TCGA-64-5815-01,-0.9546224600677783,1.674755505636417,-3.5587442844016226,-0.6850757085785129,-0.5628922729577737,1.2492604625648305,1.4244575093514134,1.0493255522209124,-0.00726158831697784,3.069600728191555,3.3377220497758144,-2.029207165478098,-0.6032202618427741,1.984707298391628
TCGA-66-2727-01,2.6484202422030507,1.0232783230141782,-0.761232326329249,-0.3305699270244675,-0.7624595676904302,1.65175084913314,-1.0598577725257943,4.548189773136026,-1.9155991405858692,1.2915363418009478,2.1540978531683925,-2.7054622474077004,-0.6025040560016836,-2.0306303889195183
TCGA-66-2734-01,1.3618760254331417,1.030867569930168,-5.357596044021962,-0.5489353840998956,-0.54245527207399,1.065669716579638,1.4391863873867128,1.901220640498124,0.4601851125551791,1.1536682472208777,0.9574705014748728,-0.18908600094216557,0.7405298266264903,2.473823217740208
TCGA-66-2737-01,2.847828345136543,2.5968129208898802,1.3079427131381969,3.424509291400973,-5.575737425391656,-1.8835454546514812,3.601371806527365,-1.6437229802198272,0.11183896257792475,3.5526694366575486,0.9857351431190771,0.07222228346462405,-0.9657380525333628,-5.129836747240632
TCGA-66-2742-01,2.534560733007638,-0.3248809948540463,2.092187737975994,1.4733478493699312,-7.1906997917406015,-3.1325306900086236,4.668529358755007,6.669178299747499,-1.069250760564678,2.07046074352845,2.0680270530814666,1.3442429204567499,0.9172310831530639,-1.4235957912264399
TCGA-66-2744-01,0.38875169041628027,1.6691514666016656,-1.4031499238470189,0.7110194296548463,1.612662825679924,1.9248416631104441,-1.1116231103221745,1.2718891008532263,-1.1624236228192957,-1.6222893853203888,1.066862150033823,-0.6980095823637783,-4.92599991168485,-1.317041895702712
TCGA-66-2753-01,0.8205395083206153,0.7074409320094438,-3.520654358658061,1.5483449505962443,0.49486944652294423,4.199233085955501,-1.8667585098764243,1.095374950377194,-5.0762639192362835,-1.3030199631159085,-1.4595303256846452,-1.6251679868442388,-0.3821510556103907,-5.382106571040938
TCGA-66-2754-01,-0.7622356747687825,-3.5593692489206874,3.525574467407554,-5.333910645652319,1.6381922141861511,3.5670704820163714,-5.13179829168579,-1.3331178108710833,3.4995790028143183,-1.4919305976981467,-0.8058684372834646,-1.857894387330213,0.023847052960416823,-1.2573925445769558
TCGA-66-2755-01,1.29021529655955,-1.634373330578416,-2.366060772343821,0.7267192209397177,-3.5005980261732668,-1.877017872951692,-0.9973209866288812,-1.0860506461852968,0.4104236396929556,-0.14621118366889313,-1.1685368985088551,0.45913098007858305,-3.2520582418398294,-0.46458649023102494
TCGA-66-2756-01,-0.9016237295703813,-7.43665581114048,5.806448652906504,6.773880250762148,2.4096349754961746,5.335620420560986,-5.208944932536719,6.705997309061992,-6.260771253341289,-1.3827274415790027,0.36796032233312453,5.211223647855894,-3.7627795750361552,-4.203703071491641
TCGA-66-2757-01,0.4724966976733091,-0.9725817279142678,1.3783606427091997,1.9067828185619573,0.7596876604928706,2.8592446993043907,-8.908196287432798,4.148449070412,-0.10975772486410616,4.054727371420349,-0.6803164859317252,0.19782121192815916,-1.4399587864642471,-2.0892189576029856
TCGA-66-2758-01,2.0978925293757382,-0.3400279157599608,2.678547985281765,2.4834784752941497,-0.6149071145059405,-2.4342446779834943,-1.2281665735416372,0.9373698674228864,-3.180190462233226,2.246304065288256,-1.7100700036059064,2.7923388522141677,-2.6610261258496397,-3.582339753739487
TCGA-66-2759-01,3.2354758841889186,0.2087132764858732,-1.4640872506749492,-5.2475568591529305,-1.870881211343398,-1.1012494026971202,-3.305209161380745,9.819801059861279,1.854881068182647,1.4601611103361791,7.244923765469832,7.1946821732280934,-0.3698670431277764,4.203792379752761
TCGA-66-2763-01,1.4440294271802134,0.6962440025054141,-1.6128831219132007,9.018472796324431,0.3679028630484797,0.5760077641799352,0.03724446717321462,2.739889977314586,3.096597059809519,-0.4382866418519677,0.7458547554380814,4.826266078860564,1.3709827479935144,1.0001397151076064
TCGA-66-2765-01,1.3432002122777957,0.22271418465392276,-6.599131656455636,-1.6768751612484842,-0.06910180148827151,0.21152127286712114,-0.2133828406891667,2.1066635567130088,1.7348025392307647,1.7782647965127056,0.2939134007976113,0.15809098920064146,0.22595858485847806,0.4157893162254217
TCGA-66-2766-01,3.998281124951258,0.7283698356302751,2.4739537521419,-3.5853617658544628,2.0722586043131073,0.5440073399049362,-0.8516398131642892,-2.5777166159698415,-3.312844998446927,7.556317931632358,4.6989082873679475,4.700371013178255,0.6630655702022438,-0.3468929013733514
TCGA-66-2767-01,1.756221918635022,2.0896168814748743,0.8783859818279962,-1.221453519159344,3.753461827178056,-4.043301205651506,1.9366547876828568,0.6296412925563055,1.7998164801125072,1.6947603025141056,3.4201900394263847,1.5501041418556094,-4.766643704626395,2.0098438708038255
TCGA-66-2768-01,2.6071887670985237,0.4487261634608389,-4.6923820182809886,-2.2424582034291465,-0.6793271381430807,0.39084054708144916,-0.909458597831583,-1.4536169713422025,0.09028267053988867,-0.09702600104118796,-0.6723391182954126,0.5501432228462558,0.45614725541968326,-4.540706088413063
TCGA-66-2769-01,1.1317196027883558,0.6721399563551054,-0.9099168393610255,4.683686685236313,3.140251171863348,2.0357684071725277,2.568584529427051,-2.722449285816883,-0.6896992591683481,0.9835550897525226,2.316298684061691,0.6664025739530216,-4.699335642046884,-1.9531778129498192
TCGA-66-2770-01,2.020590163980893,1.6295976267351457,-0.18213897843475588,0.5177861767633729,-3.8478335408122377,-0.8703239525173799,0.8087398192964889,1.9528224668803416,1.1746176643701363,-0.8404263208214396,-0.9118104791866213,0.340409543757851,-0.7517964298020772,1.1511698718832986
TCGA-66-2771-01,0.689387867018421,1.3554952002902252,-4.325071606680255,-0.9461599696609905,0.24111461265564005,-0.7079146842183663,-2.1637866558401644,2.350660526611001,0.15978971831310748,1.0544174505821657,2.0352101799789812,-0.575071264288824,-1.062833508073379,-0.08545061911099334
TCGA-66-2773-01,1.5393904663035054,1.1150871527633146,-1.7014266157041036,0.11761656435381103,-0.05559944957261458,0.6220155579081187,-1.0284685937103042,6.751435616652376,2.7239273308953815,0.6726454097826341,-0.10778263124823281,0.2993783233431456,-0.2834007790763536,-0.5721576751560944
TCGA-66-2777-01,2.556203517580599,5.08724040246468,2.1576259621885923,-1.0839347067353327,-2.0038658983170103,-1.1809603499828027,2.133878267095682,2.599605922523686,1.3583248997159258,1.9949705629471692,3.64864416279751,3.379899824435302,0.6514887040355518,-0.08422888066461333
TCGA-66-2778-01,1.105402422015218,0.6507629659184615,-5.115350683784054,-2.3084530783936823,1.0073237199694451,0.2727208591328454,-0.8601232391078647,3.0735886670960455,0.23967118861037884,1.3568920604916577,-0.020436564367349138,0.32841409584812586,2.5355869760600847,-0.7215234740005609
TCGA-66-2780-01,2.3762398000779097,1.162610927581863,-5.550377843744252,0.9263767698490393,-0.021657886867427287,0.1466892103547206,-0.06936514005232414,3.610238164907552,1.1210061195054664,1.172810814480426,0.7846814858361235,0.9799413105554157,1.1338357124733969,0.6829281554853227
TCGA-66-2781-01,2.8904346910981857,1.3497736887050127,1.5677972393818584,-3.50140572164184,-0.3082920022148316,-0.7455508193983299,-1.0810945187206955,-1.6736180113263694,-0.012766106995959444,3.1146581125930797,2.9555787882522164,3.2738359591480317,0.6694436803491085,2.800206136560009
TCGA-66-2782-01,0.9515031003262985,-0.9920940888755493,-4.309462484152097,5.437218278432607,0.10977514368710428,0.3685541784687715,-0.44662048296703893,-0.7541176970838798,2.0411775991407906,-0.42940045294075263,0.6405822016784872,4.177474007096924,-1.2349445167060233,0.5782927222165324
TCGA-66-2783-01,3.1611508111367588,4.4554137480110505,0.004058354725590071,0.5650165599244352,-2.898946819817779,-3.395913949127085,-1.397601537921806,12.029621225482341,0.6147803266434515,5.465553769376487,-2.479374804763016,0.6608928805434529,3.2276379769454047,-1.5834467818622306
TCGA-66-2785-01,0.23899832544687702,-4.2859715949441375,-1.1702139641986224,-2.016877890115851,6.039215490793435,-2.7953379287777325,3.9228000853188747,0.19931218729095804,1.5040822102404243,2.1079715095618234,-1.1979102772165515,3.258636390775093,-4.781281771767378,-2.5986510397147895
TCGA-66-2786-01,0.22330731657677208,3.28617982509768,-2.402909510844214,-2.55236872283956,0.7287246955825358,1.9667762296985103,-0.7139671463151624,1.406840476174818,-3.200526840625927,-0.6388978416202761,-1.5763331517938455,0.6305488420162153,0.32958684266267896,-0.8874296933792397
TCGA-66-2787-01,2.4309798459356373,-0.14747458438936895,0.8776034261197725,-1.831031551898026,-2.6748722811795704,-0.5439142662184567,-4.149692091486743,4.527832790319085,0.15594479726385518,2.688280176770826,-0.3956705582676304,-1.9697427411183015,-2.1705998837606955,2.4386218711082797
TCGA-66-2788-01,1.201488039380681,4.248668804292927,-3.1495897847073167,-0.21333593250057342,0.2671719728908615,1.5468536717049972,-0.0303270876361488,-0.7507647545030522,0.5403255461068999,-0.6331384944924486,-4.527434580854853,3.8549209176189043,-0.9111948259397484,0.38111647579780533
TCGA-66-2789-01,1.9660563994426568,3.9129762184503716,0.12225342960431872,3.890705946321116,-0.6712517368030498,1.9896132310701653,-1.650736967746506,3.9382160105701143,-0.41382928548359754,1.6410763360733147,2.6862866697025645,-0.8576950694363696,0.39489100535007204,0.9570839849295216
TCGA-66-2790-01,1.2034249466521816,4.987432573062223,1.3554003450586227,1.1090991862315998,0.3063741913568369,-0.783345841593121,-3.6541846741350685,1.8566643659758602,1.556062678863083,-2.3150234339944595,-4.530298821606967,1.0471089630513086,-0.4541382367112782,1.6411755442505405
TCGA-66-2791-01,2.3022686473303704,2.1904715769152983,-0.2801949626536596,3.405598247419389,-3.0867613822778788,0.41540872568455767,-0.12362250026380589,-2.627453390722205,1.7691801100693587,0.937338348977447,0.9442509088088612,0.1808514180944495,-2.5685719616706364,-0.9988433976432783
TCGA-66-2792-01,4.384026007791478,0.6173099083465076,1.1921314890692014,1.207209675079731,-3.989695095127749,1.7068766390469066,-2.674494707914586,-10.342224225913274,-4.779834550372053,3.9859089623986073,0.43350438154155707,0.26679848470403966,0.23293398608842983,5.861030567946028
TCGA-66-2793-01,2.062973662529233,-0.7275487251694234,3.633584869327028,2.470615471102708,2.562586852630097,0.3384880411655229,-4.1849279877127,-1.0972823865453967,4.217265326231914,1.6291196213147585,-2.594595678580705,-0.8874806252239383,3.5347082842296365,4.804237649575532
TCGA-66-2794-01,4.20448429232052,1.7616477493656788,2.3642117019211435,7.14984224893264,1.5598114646203454,-3.456578558272894,-0.9713480489049591,-5.4423823204120385,0.07804388277064879,2.50617851031879,-0.07080865687546792,-2.7091393863111164,-3.3180332035989117,-7.817446266786725
TCGA-66-2795-01,2.4136474538905235,-1.728761436338965,4.080258000323258,0.6371972005860738,-9.226119928121674,-3.6967891739505423,7.043463562663503,3.611023525411074,0.3517995120218141,5.113368025612582,1.8671370475984985,5.463388071773223,-0.9150325730375152,-2.1121223101768907
TCGA-66-2800-01,3.282976719705504,4.393465159912338,4.131598578097967,2.8279745386766586,-4.231038605546057,-0.551242971238965,0.36836386339737254,-2.636495241893009,-0.9181488127836022,1.0930756333649123,6.609996415735422,0.4204062457593937,-0.28936849621209665,-0.17128970603010843
TCGA-67-3770-01,-3.301187683046232,1.7050810642156424,-1.6461980658094788,4.78921400477572,-1.199574497177654,3.9995194294866185,-0.4280534384182651,0.6761208107324576,-1.288468798964714,-0.1912403957681946,2.16598950690915,-1.0548571168894474,2.789021239499476,-2.8517551364823186
TCGA-67-3771-01,-0.8759768244013605,0.0478545454611105,3.6232846997256147,2.331408488082159,-7.172063583489428,0.6981579025416422,-0.6012056244807651,-3.4503412656524994,5.409595684853035,-1.5991053634649672,-0.27962706840345536,-1.2100944467965837,-0.807159334683042,-0.49149539232255934
TCGA-67-3772-01,-2.736260412123993,2.4797250729011466,-0.9901724496491977,0.44792826439208877,-0.2323097854885167,-0.9507024956395403,2.7933881048700164,-2.506850937430371,0.08976703665956869,1.193974345167943,-0.2982959292335124,-1.4689063828351276,1.2568414372990067,1.1423171663209855
TCGA-67-3773-01,-2.6992719460182917,0.8281046617910618,-1.4130719849107545,-1.186615671664587,0.19695603201888853,1.5649146318405893,0.007358286841558454,1.5509031112007612,-2.42424275878082,3.5461863322146914,5.2062458674858085,-2.9911161884834243,0.054875035088048134,-1.0792050947421425
TCGA-67-3774-01,-2.9423778618861136,4.530127367130864,1.8006683850700895,-1.1944952864747624,-1.4524494885563797,1.2755923703787242,-0.9318038922697955,1.3160545126482261,0.9456108612219964,3.6551725507901334,-2.009364372560268,0.4271347871049641,2.683126677888043,-1.7547136826910963
TCGA-67-4679-01,-3.0142563127536777,3.234934202748565,2.3715762384463535,-0.3225244331557053,-0.7559768952367795,-1.0144321410465602,3.5330823706090237,1.57048970096412,-0.44104656375050794,2.8125950878676265,-0.622745603202714,-1.51190446025556,2.133564647740717,0.23569137413600194
TCGA-67-6215-01,-2.808028389208671,-2.915603755014695,1.221091785024319,-3.0328129266085444,-1.9960807977768045,1.3482532943922807,5.681280902202196,3.0988127724377272,-1.5608728413851545,4.408090494709098,-0.07353883049723207,-1.5051460166948074,2.264721462010471,-0.9076199685985502
TCGA-67-6216-01,-2.165580690866275,0.7748510475999028,-1.9850917786073021,-1.491582721094516,1.0488875089506942,0.16193940475904428,-0.23731176841369628,0.9323518996158586,-0.19760952756018288,2.9861512636108576,2.804019621733112,-1.8179240139072304,1.4067465510381367,-0.7286097700642071
TCGA-67-6217-01,-3.568408544975081,1.7133073804749752,1.165999245130385,0.7439727627188664,-1.449251253239973,-0.08791354858349147,3.2730771516490687,1.3501674421930085,1.883669834314487,-4.793494635643481,1.3396078572649786,-1.1576812426849903,0.566773788839776,-1.0965105075476271
TCGA-68-7755-01,4.234098156719547,-0.29372108379138395,-2.6984118444649163,0.689008675303999,-1.812812809135789,-2.9060120334676376,-2.5395490576989475,-7.559883617427885,-1.4559411188630649,0.5384440046372713,-0.060141027251003246,-4.911800210840252,2.4084836838352217,1.5798389546947784
TCGA-68-7756-01,1.5360828512312537,1.809371866830413,-4.1446424167889,-1.4175449616390334,1.01678987379446,2.329597019978393,-0.2732227895390381,2.258625616754678,-0.9653119000320319,1.0206169016565811,0.940331587941633,-1.4633488716952927,1.3248529012696688,1.0893322701639407
TCGA-68-7757-01,1.1350507700278318,1.9374649180305799,-3.6215230602359583,-2.57425764979227,1.182499536498537,1.696851879772719,0.2932502859668513,-2.0959426746678194,0.22499514972724904,-0.8274337953825402,-3.22221773719998,0.5684176337928879,1.4680762968931311,1.6156520284276172
TCGA-68-8250-01,1.0635109625680468,3.054493869230715,1.005987783400362,2.7899010169053025,4.720113242696654,-1.2586997480252464,-2.2756636594727104,4.913471653082303,-1.6772767696845854,-2.0013399955527498,-1.158604450486375,-0.8252428495453221,-0.9987709395170192,-2.2311809359858876
TCGA-68-8251-01,1.7197469266945629,0.367403266579932,-1.2511358093872602,-1.1514830933882338,0.4935336735765037,0.7744362150756764,-2.759036130708311,1.9865892801054124,2.1975394473818195,0.059722858183103314,-0.24477291409068722,-0.21568257131918384,-2.124803614034022,2.1175181416776985
TCGA-68-A59I-01,1.3880596161756735,3.3643404275264577,0.7271725041209637,-1.5560331769262212,-0.32206455823157565,1.8516275514798903,-0.32095685264712803,-4.025599972619898,-0.6218783603296686,-1.7242390965461483,-2.4753158399868735,1.31673924845897,-2.225964755369797,0.9952108850971761
TCGA-68-A59J-01,1.46907672628958,-1.8524347148514662,5.535320026053434,-5.224421773919124,-3.781904987995855,-0.8041171392660043,9.984509507017382,-0.7398028907894966,0.3479514233114762,-4.862244819767424,-13.408357726913865,3.7463175603283845,-4.5418503788368625,-2.4551944020708842
TCGA-69-7760-01,-1.7022397648363716,-3.4608452357418704,-0.28281010916531063,2.2492691743647604,1.6133038531307193,-1.3522045918866716,3.907235215730234,3.659232125583852,3.6185633823730967,-9.551425013068553,5.6571433674453,-3.7585076500352974,2.6198379743729707,1.685015677660515
TCGA-69-7761-01,-1.4792808791034868,0.08884409749207146,-1.4670138705100544,-0.907410064545637,-0.7388334703231892,-1.7338113556244985,-0.33928299214632135,-0.15176803759116508,1.4533811108174477,2.5223781089724153,0.9975025449978555,-0.14769800985349862,-1.434321793063365,-2.2382126666175948
TCGA-69-7763-01,-2.4417439316112315,2.484914553811602,0.49562307700168756,-0.8040578300628092,-0.683938147579766,1.104478596923379,0.7619289606452966,-1.6234012210469764,-1.5208183766549574,4.39496127072517,0.3770888571460643,0.48842949139097075,2.275580469842535,2.0136887921881543
TCGA-69-7764-01,-3.2064813149825113,-1.8215382849285346,3.64983667108414,-3.306718491726825,-0.18842510210407973,1.670697447281749,0.431601860447175,-1.140254552119623,-2.3403739656791562,1.3613913770458959,2.905761590280744,0.6414175326001434,0.9132380022393529,1.66908269280448
TCGA-69-7765-01,-2.3414270370916155,-0.5664003188230118,-0.7325026642367913,-1.3177225787234628,-2.698694688333668,1.0906731040250606,2.938707731985705,-0.262187640310514,-2.5553627399315895,0.4468908719019435,0.22688140351376565,-1.5236599221999254,-1.3718996311669451,1.1196414613548356
TCGA-69-7973-01,-2.1423187798771512,-2.0988779264312574,5.0224385138949925,-0.007770709757009485,1.989615299799114,2.9954974439697595,1.6921577651549793,-0.9289657089303669,-0.10338164299769961,1.7383162155029943,-0.08915803675369437,-0.6400369553572881,-2.2244161111338894,0.6237310327394276
TCGA-69-7974-01,-2.6615891820962623,1.7134394035777933,-1.780149299861669,-0.19697023458701798,0.586094437209209,-1.9189135294391022,-0.47415090434833185,-2.0292199884968416,-0.299707658120209,-0.31604742560907223,-0.36821842194787907,0.854814203623782,0.42125131627793977,-0.9028650483612466
TCGA-69-7978-01,-1.537378731598081,-0.12916653243258333,-2.206666349424211,-0.8885449523014703,-1.2499982885861898,-2.717535448112154,-1.1912033392160457,0.6222290892609036,0.5340051511261235,1.7760961834245306,0.008377069776884254,0.38292777585707116,-2.552994525667366,0.09928256158335287
TCGA-69-7979-01,-0.9324910477876222,-0.8024842742181386,2.749673158064474,1.600723861875584,-3.837619492651864,-2.040283873431312,2.473698634278237,-0.48875836085374175,-0.23730319387507237,-2.1104667931407732,-0.46896984721380935,4.777015772030498,2.6689005181016943,0.3497155187616849
TCGA-69-7980-01,-1.2923531640600026,1.3858935069903895,4.21971450628374,-4.111135720582803,2.1811818768256663,-2.4156932019948294,1.2426146900390622,5.616407696920148,1.331853429284611,2.609322617612595,0.9653901136553121,-0.7505549919523243,-1.051053502599498,-0.17455470036899465
TCGA-69-8253-01,-2.8882461032094215,-0.5786939414003395,0.5904258636867132,-2.9088020157021455,-1.7308120140434677,1.864138733088624,2.3188127259523585,-1.8859398146450856,-0.41838981937853814,2.5746384669466993,0.19294746136780785,-0.30770177325917497,2.715709913718723,1.2485715825100119
TCGA-69-8254-01,-2.640042602087012,4.487671469769443,1.1326339463674708,-0.5522185818600034,1.2023715789597562,-1.9378279708560908,0.4298880074493326,0.46492227331887287,-0.03915101372296169,1.3304283754618131,-1.4449150397884283,-0.024000570834988917,2.259972733135236,-0.9674981880713169
TCGA-69-8255-01,-2.2974769505162267,-5.696241224191226,-0.2294260889468072,3.1354433209207304,0.6433926142002738,-2.5543362804698253,-5.89897680257762,-0.6710186460020849,1.7526642708936404,-0.31167570087832064,0.8511527671014294,0.6513769911565696,-1.5733140953849512,-2.914293319053713
TCGA-69-8453-01,-2.16807745709782,5.619428878185192,-0.4535036713584032,-0.32539261184231305,0.9763551435365506,-2.5497573134143185,0.2987490744032343,0.5737057878413127,0.18999890230359925,1.2389361828812901,-1.386678107244853,1.659762414119346,0.937715350406413,-0.8971567895252828
TCGA-69-A59K-01,-1.6869270663678924,-1.6826591678498817,1.1104627644279186,-1.683776924871953,-0.31913349011629444,-5.5973533623943155,-4.322922354516569,-1.4540226908167764,-3.3738252234732604,1.943130544405514,1.59395602767907,3.287619234233193,0.17483995738944802,2.601815282417769
TCGA-6A-AB49-01,1.2153916582868276,-6.078029602799104,-2.7653830345367085,-2.9626362769157657,6.9457161505786535,-0.38229496513539424,-3.2072551063184638,-2.7977604279792208,0.7102657241614034,-4.132630760136115,-3.5613024803210847,0.4735955816029943,4.047756073196526,-1.4092754675094303
TCGA-70-6722-01,0.47094516921504465,-0.5056654955242653,-5.027198034737212,-0.7432109992672977,0.8634221714264144,-0.28162460955771307,1.903471979082735,0.5045715469096911,1.217124102719348,-1.8638877036783315,3.016602499127981,-0.6547442474170251,-0.9821959245453742,2.052830954248021
TCGA-70-6723-01,4.6748534955323535,-4.304146097749376,3.5832497439977824,1.8026631187507822,-7.179530699525823,-3.1363982368931396,3.4908394532401736,-8.931560214748874,0.0681464794977451,4.633510577530311,-3.336697429099646,-1.1131172308283916,3.9464320099207306,-5.637037088641502
TCGA-71-6725-01,-2.544205523336718,-4.90962829530219,0.8567969294298674,4.228424673483518,-1.0149009198835908,-4.214420867306925,4.249883399796367,-0.16420689248587708,-0.7626827915882431,-6.952425837345598,3.0137776850823323,-2.7899095373995815,4.798360517661617,-0.31747849437454606
TCGA-73-4658-01,-2.232442555230391,0.3291491649034932,-2.1152524077799493,0.5514671630359941,-1.7830808056143952,-0.3237017409032605,2.912735699217929,1.0047719511551658,-1.656080652777016,1.4656555453277844,2.144137714903799,-1.206633621470497,-1.423780491663491,0.8683490155140215
TCGA-73-4659-01,-2.239887851833951,1.0691274454299207,1.3083053564668878,0.5092116765592962,-0.041290041617908065,0.27640503409118194,0.3295510932383893,-1.942633186010566,-0.9109720441624146,2.9508522036923264,-0.9441595908971796,-2.227993889699383,0.522885748105876,0.7272111732645541
TCGA-73-4662-01,-3.84844387096626,-1.5500573875823058,0.8355748533115109,-0.24287893522396942,-3.8290949600883084,-0.5342834839040866,2.8690785204162617,-1.1576247912563098,1.0312067828921447,0.6172288410129442,-0.8944202263445646,-0.3890564819701427,-0.2566183860073259,0.13641478263744847
TCGA-73-4666-01,-1.0743358812463226,-4.882282773924718,-4.253923156266229,0.5540588730176098,-0.8360209067633549,-6.429558101445692,-3.10080534647649,0.6617973481569197,-3.665775248836455,4.620905155478363,0.9155186265815337,-2.1430712514080668,-0.6947348426154306,0.7509832496267151
TCGA-73-4668-01,-1.555138153722163,-1.4723146506456433,-1.4019623692875631,-2.72629959486849,-2.6181109997484917,1.31461773775227,-0.4410537357273881,0.6750522207380071,-2.140858706952976,0.7632107398626402,2.1841232024700945,-2.380891043573732,2.19065403080577,-1.2140282483311549
TCGA-73-4670-01,-0.4549655790484403,-4.030264698338257,-3.0240877481409236,2.0646740738600324,5.819740989672627,-0.11531800007320343,3.636093300773843,1.117665510149928,-1.243903699403774,-0.0035647943714226396,-0.43129123894784854,-0.38229237796209453,-0.31239548097166664,-2.478683951734173
TCGA-73-4675-01,-2.090873753015142,0.5641435979377891,1.102141317847456,-1.2412648027744007,1.436128816571679,-0.48295546117274635,4.695889372410994,-3.631017447402659,-3.2722074807065873,-0.7839494467767159,-2.1517765957242205,1.253569142543557,1.895250322806697,-0.5765905039701458
TCGA-73-4676-01,-2.133434214394024,-6.36799696470201,1.9244284267028284,5.496560346855494,-6.106814680783142,-2.970662970330693,10.489471458071543,6.895293557561204,-2.962225439004457,-0.6680834749829478,-0.6840276351245127,1.37074532436116,0.16292580427193906,2.372821470784822
TCGA-73-4677-01,-3.0775073067534415,-0.37695294476569813,1.0118930137675177,1.679997875277113,-2.8345465745892997,0.1994433115998165,3.619236907809087,2.1919736441955795,0.5075322401684771,3.106063129179782,-1.0711779736475355,-1.411281548523302,3.164433745519558,-0.3112033725635366
TCGA-73-7498-01,-3.299115915851466,0.44657269512848574,2.2171587351107465,3.209464403476013,-1.9249061131133953,1.7477865039842777,2.6877448652050298,-1.1608203047656727,0.49654855089235433,2.2220130176966637,-0.31975969729149967,-3.14704962607464,1.2813949189792928,0.9566006514154657
TCGA-73-7499-01,-2.100292336096428,-0.12516330074830437,1.3793883648283722,3.8669624656683523,-4.354396870451053,-2.151952738413678,-1.8881800595011897,7.140564940561932,0.06686195216140964,-3.1703001238888695,-3.8239901773264355,2.3051608008181153,0.07849804596545532,-3.080261298756469
TCGA-73-A9RS-01,-1.8672828728268003,-3.254504015647661,-0.45560706889101854,-4.069899851597992,2.6843133209332,-3.555130961470431,-0.5069241161594484,0.536950749409399,3.6620392955637224,-2.5383663041910145,-4.031318333362619,1.1257469804755407,3.3923028783335476,-2.1063549128301458
TCGA-75-5122-01,-1.9405523111030523,-2.6728575585978738,-3.3745242312895702,-0.8281943242996892,2.712598624329677,-1.7469434080908675,-0.8998797998660012,1.2204573656269686,2.4173175112896144,-0.41509689351798396,5.013568660330975,-0.8630896122939895,-4.8820338440591415,-3.4245412473811694
TCGA-75-5125-01,-1.5908246883430446,-2.309273811382975,-2.9426470099876108,-1.1846660885859694,2.197980803289096,-3.1590383860847244,-1.5713522821502641,0.6446499781464686,0.6353740711568893,0.2319662023156816,2.5898149653092526,-0.836419468143289,-1.7541269244429645,-0.9943507027655623
TCGA-75-5126-01,-1.7203532944356827,2.8010510370007693,-2.3154963683615444,-0.1493150593880424,2.7461206508105946,-3.3182523271228264,0.6817389798315203,1.3922625404249476,-0.43570113163236146,0.751969043147616,-0.1555041865710563,1.0268543044772174,-0.8413576456233056,-1.853558428802589
TCGA-75-5146-01,-2.9432158277602856,2.268288306340596,0.8229050245921474,-2.412421259743873,1.3095588530549012,1.5238028410147042,-0.9259596171066586,-3.3437858811374643,-2.3425300118071375,4.491472598831324,-1.254817948755979,-0.7840963827334185,1.6167786703602962,-1.4914802480733376
TCGA-75-5147-01,-2.0554055187616775,1.5930573981754441,2.895052657779708,-1.1742452429018417,-1.3419417821038648,1.3944585554050344,-2.886415227888587,2.0411730062687146,-3.0187958790152187,-0.4327204326037491,1.1679064250351672,4.971224623889637,-1.1228019913860066,0.07087144923148113
TCGA-75-6203-01,-2.565689386477875,2.8193181856939193,0.2501606836037106,0.5911968540084075,-0.03496056917952946,0.10904092093739244,1.179802432490974,-0.5186947799670429,-1.7178960062609552,2.1145479046454665,5.146625097176867,-4.4740019153292545,-0.5741521055975214,2.1422433821011864
TCGA-75-6205-01,-1.4378926715919396,-0.5259412851921476,-4.598638827924328,0.8651692110650165,-0.2657464011345918,0.43729256295020524,-0.08962364522671316,0.605990412027011,1.1594338431892457,0.6852877300268951,3.4914949916518783,1.120220675843257,-3.2033617138611636,-0.8868237126266163
TCGA-75-6206-01,-3.035276541118412,-1.9998062451871048,2.487050891673591,4.526922121452827,-1.0034769351624735,2.253151784003294,4.360597704216572,1.7121494040165586,0.9020999864562013,4.370218412601163,2.0128125166152415,-0.9350017904560756,1.6553758611190856,1.2176370624393782
TCGA-75-6207-01,-1.6234915738414246,-3.723858763433603,-3.7120496632770763,4.889940016120239,0.9169028411612329,-2.7566745296705584,-0.0873175745351171,0.7298318335859707,0.37018677420471924,-0.7562760350978532,2.2050640426719634,-1.501802227602442,2.108638631210395,-0.23570301892769047
TCGA-75-6211-01,-1.65910206047629,-2.7888552663239423,2.5337313598798397,-6.68441440534252,2.2503295793255074,-0.17983216820919828,-1.042760758392043,-4.375569703190773,-0.5944634077623343,-0.13122700344946178,-4.060931441708725,-1.5567770267191248,-0.5592262356805504,0.8885859068279017
TCGA-75-6212-01,-2.2665448554308867,1.9453302570327784,-1.3346158765471219,-1.8253443221598524,-0.30536506747327286,-0.041086797280401724,0.5409596003428201,0.10664026863349303,-0.6193049531081334,2.5604224237645274,3.4712385576661258,-5.562440162182395,0.783821230518136,1.1931912937666715
TCGA-75-6214-01,0.29042600098632393,-2.085678199026717,-3.5807688560740645,-1.049884318081525,2.5098143410006633,0.8257795806389759,2.712788669782525,-3.4580006883494168,4.844927786546203,-6.08214330563625,4.8886864085795425,7.469692220414999,2.8065190115122607,0.029622608086028547
TCGA-75-7025-01,-2.201312834634079,6.857869049868025,1.8973252061330965,-0.7104572975059489,1.4425821704066992,-2.0258323559942935,2.1690126766912234,0.8759031959141005,1.1751789284702474,-2.7151790601409536,-2.4587903261154804,-0.40796515388083393,1.3559103370467878,-0.258776052217767
TCGA-75-7027-01,-1.224953693803721,-3.2862719661217326,0.09074519968749149,-2.1408707372752516,4.013860128199918,0.7213987793181913,5.345753816125576,-2.7199478741974263,1.8376406972320993,2.5956465508199686,-4.73000453967765,-0.0350701156476949,-1.2074412028412724,-1.2397170195627618
TCGA-75-7030-01,-1.5723198458349472,6.640678237425963,-0.5274595365135321,0.35506023909975926,0.6547205845282772,-1.4708681583013132,1.4986855994817492,-0.674727401292561,-0.4497798781829013,0.03872315197442841,-2.2424356228078204,0.6780802908064266,1.2628881193902275,1.0927340751806476
TCGA-75-7031-01,-2.363669263877644,-1.9808019930415341,3.4993188781868225,14.321845587382525,2.642000883623692,7.5262835353536675,-2.181566867143287,-1.5421132057724587,-0.004719293995922361,0.10728716895543992,1.7040822962934854,2.7807628985824957,-1.3238520929522828,-2.377390773618685
TCGA-77-6842-01,0.8496142377437217,0.1306573463235225,-0.24044292272569345,-1.3719450541530922,1.6830667046536063,5.288601160467624,-4.197763893860354,0.6543086823607849,-4.472318273707847,-1.951981547803577,0.5378461104845915,1.254744304884802,-5.507553896198009,-1.9614213426380704
TCGA-77-6843-01,3.886999815431019,0.9623884689595158,5.4577279360514686,-2.952873968617976,-3.1054301414187044,1.5960441746003422,-0.17653525654584218,-3.4333084571175454,2.7017377257747963,1.5936626792185853,1.355024572095767,-2.108613861579795,3.2690467213149526,4.81904593694236
TCGA-77-6844-01,1.7179145147127004,1.129650274790342,-2.27409768377905,1.5906527225356564,1.462246901423361,6.307978876762947,-2.263331749524041,2.960186958960719,-5.3819987779795495,-2.489841296641857,0.063136511097284,1.5705265898445473,0.7228518881210881,-1.635893885585547
TCGA-77-6845-01,2.9488258949387673,-1.5272781246723315,3.21634278073885,-1.6142312945685968,-2.8965659221939224,1.0922187576666764,3.5231846426506963,-4.048359133738698,0.03169163512593099,-3.1536076886084956,2.227495397038588,1.4913839462641687,3.531141911403552,7.447962207389218
TCGA-77-7138-01,2.0812455801849947,-3.398882607445555,-6.672066390583452,-0.32846671630060026,1.0852985833300062,-0.02915679653119706,1.885482067797701,5.110129054824307,4.893965855169048,-8.399365914437881,3.9475501637997366,1.0311208348852157,2.1372668242851494,1.4457725124147054
TCGA-77-7139-01,3.814585558448188,-0.4541444953802698,2.7068460958601275,4.150373764624396,-0.3991114262400586,0.7463515374487094,-2.364328603421542,3.0216472274625157,2.5869004892819105,1.4502401969508276,1.768380998370687,0.30853959387110136,-0.1924436370946765,-0.9913598333609258
TCGA-77-7140-01,5.878404398620075,-2.2314933486922794,2.151198241360758,4.611071417852876,5.430084612751093,0.14468548365502593,6.6214976735795235,-3.1245711097298603,0.6565752497089168,-4.7446394129586205,2.9924967451066617,-4.251573964137786,-2.186917699628532,-0.8399684328232483
TCGA-77-7141-01,3.385265027351458,1.119011658112211,5.952556080464352,3.2976587716757133,-2.3712570998867037,-2.484313844477298,0.0970255789064607,2.52871264375887,-0.18074446534796024,2.9614231797203665,1.920341120878638,2.832143725650033,0.4043526128625452,1.9012161984591318
TCGA-77-7142-01,4.372217205764752,4.424731265416488,4.03815947380946,-0.35800413355586075,2.8253044297143926,-2.86740138003559,0.8565655776293393,-1.0005782673099979,-7.554137223200588,6.803522707321355,2.7971689024026865,-4.930630779237614,0.28847656508125064,-0.9717905203224656
TCGA-77-7335-01,2.520415984658778,3.6694741557424675,-1.4362257241651843,1.5286230689221976,-2.024125766311374,-0.6561595812995622,-0.18793981753288663,-1.341299589755026,2.228630115495495,2.026421648276226,1.8623308711448734,0.38000613380998066,-2.6141930491164165,-0.5278446188157563
TCGA-77-7337-01,2.6135104471475596,0.17596030039784594,-4.39783006191644,0.51774444768015,1.8114014289591034,4.127437562859725,0.8269282164274697,1.41372638231557,-2.9494362252020827,2.628872507214576,-0.8681306077060047,2.0938011853017438,-1.4268158230847476,-1.3518226620801408
TCGA-77-7338-01,3.0145501984017624,2.7462129113705642,-1.2929012196284786,1.017504832922489,-3.7767823627991315,0.28144335938341597,3.438507301286496,0.8175731075861917,0.22417657201345798,1.6122859475741984,0.9249043928801045,-2.1701093264641713,0.32080069369860925,-0.30101393461186216
TCGA-77-7463-01,2.99848978050275,0.34157887760426475,-2.1825976498638293,5.761304184400625,2.913879256446554,3.9959738430226257,0.3920753843065753,-1.5653254661174871,-3.113505353281182,-1.803823529551459,0.542551256748777,1.055769594770291,1.1082895793817589,-2.0640298438741844
TCGA-77-7465-01,2.0408539772139043,-1.082722923252421,0.8396337809073513,-0.47087050846417094,2.2966324525979327,0.7553733341363719,-0.6418236539475717,-0.4329533718968388,-2.0211113198855903,-1.8080803576676874,-0.5152826271417853,0.0335221588181614,-4.802002920391728,-1.2286574854799206
TCGA-77-8007-01,-1.1256147584550287,-2.956994175121071,-3.9367961994395517,2.0914035679727725,0.8071025066284059,2.3851524431827857,-2.1482889368518934,-0.5701648006390678,0.004979997446435003,1.1814324819873465,2.0670539873264295,0.9321955656293253,-2.777150256756932,-1.409717082617658
TCGA-77-8008-01,1.4337503863894911,1.3675866416558426,-5.791774827310395,-1.4639761087914633,-1.896017969115735,1.6027554594176348,3.0023934523857467,-0.5950705382542069,1.95161039888197,-2.834116000725057,0.13744618311109025,1.077292934049198,-1.7703185183269423,4.123172750437273
TCGA-77-8009-01,4.675809816069725,-1.9877499358154713,2.1698457668828035,0.55565550228616,-5.288966561273827,-3.123049490165294,1.6076747885058142,-0.2094303206552732,2.8835044163650636,-2.4896425766599934,3.8200782826062327,-2.2887282420198907,0.5810698873941872,-2.3300521610640565
TCGA-77-8128-01,4.505130243164102,0.9255277397829649,3.693377243132534,-0.9234719677340132,0.4090967908769587,2.5613140533017735,3.591926811153582,-9.802772573901697,1.1140494428835603,0.12956269745669227,0.452961125625417,-0.5602131239608706,0.7829727886201236,4.714242115991874
TCGA-77-8130-01,2.0577013206954886,1.9660332723031664,-4.836612003601844,-2.578582067790928,1.7054865755136992,2.5533162446040287,3.7969821841186757,-3.9453558938603717,-1.1195599298755068,0.3097358084497213,-0.8536473567614284,3.133835807225972,2.723626298245399,2.297024210967033
TCGA-77-8131-01,0.004671230648141819,2.2476105974658593,-4.940618835615639,1.8237329941104405,-0.5480531077842964,-2.0385515137555443,0.23759959413304077,-2.89305719717053,-0.727544841576046,1.1642589522597753,-2.772009140190069,2.9076204492172777,-1.2311045874596056,1.6463160887444495
TCGA-77-8133-01,3.9460660655819177,2.082107897829844,2.7262632155893334,0.4280537341175403,1.370818413000871,-1.6594423072669915,0.4490696434138254,-1.0501807795902143,2.1907183570642728,0.7301547958777741,0.05993596532015594,-4.262144273669349,-3.906936984845404,0.17119656938750397
TCGA-77-8136-01,1.2140226829083764,1.1371755862711808,-3.5824027883077094,-1.7956712907732149,-0.6963443536817371,0.9537190253310988,-0.47485501326246377,-0.4660534505239274,2.6744889612529743,-1.0745178467905057,-1.9390122316505132,2.2828356980125366,-2.4733429434239445,-0.5166753696950775
TCGA-77-8138-01,1.0178296042569024,1.6230185846790894,-3.1942834046275705,-2.831743833122837,5.633870013641349,0.7826744133542881,2.8903714480813454,-0.4714307796748592,-0.16942365321705016,1.7188941615164126,-1.729030726070138,2.425062421585787,-0.25932052912992576,-0.28329303953349944
TCGA-77-8139-01,1.953708055491179,-2.2529579657992858,-3.0092143971063394,-1.6545039751628159,-1.4391304164045513,2.613201635790468,-0.35698734757517514,-2.3527055791923224,2.999723441573038,-2.5599046752518326,-2.842719636468668,0.5983403619880141,-0.7080445080604488,-0.0030610358461110633
TCGA-77-8140-01,1.7768815569757657,0.41456327787174085,-2.1543976712078874,0.45434355115427816,2.2185773519048033,2.7268612436249975,-1.8221409584880994,-0.2835338330241383,1.437317633640646,-0.7481749429810156,-1.79526597996071,0.48584757798046274,3.446436788501084,1.726135921730538
TCGA-77-8143-01,1.9018628564788258,-1.936643248689635,-3.6111202323106606,2.745938174627019,2.3142462968320023,4.5863499438632385,-2.9031809957090107,0.4166064854954188,-1.5758544629620301,2.3273290007948915,-1.0829879572677494,-0.20951258778600534,2.2899921237964547,-0.8785647720885413
TCGA-77-8144-01,2.6555463176606637,-4.107486710148793,-8.115318039669855,-4.95712203105357,1.2233871201968236,-1.1304772698513001,-1.5834085002509395,-2.1456707263851214,0.39859722555459226,0.46993716212451053,-3.5545628417069706,-1.2086032128094433,3.5874320085256657,1.1075793506792773
TCGA-77-8145-01,2.795265088554462,1.986879260338301,-0.560184317280088,-0.2544164248606621,-2.1109061369982776,4.589133027021016,1.7370234761795982,-3.051952656566056,0.5620814875638155,-0.5314554792580786,-1.5408628174273702,-0.3145417004394294,0.7395626868956149,5.151084550744357
TCGA-77-8148-01,3.002503962630384,-1.0465270461018519,4.6869992237907265,0.3348698871595268,-0.8720484208772677,1.1566733551811612,0.1947969595530094,-6.599857299223901,2.08980011881675,0.06648126083827705,1.7579479051799187,7.117204973286862,-1.325803712896648,7.617422593423874
TCGA-77-8150-01,2.3034134304830283,-1.3193900531961857,-3.5018056764042322,0.8282883995533428,-4.409126332638418,-2.039173603053993,-8.354975368242696,-1.9215970992943683,-3.384574605476703,-1.280297770246481,0.3795737453347543,-1.219457645735091,1.3977108090761847,5.1252558209134245
TCGA-77-8153-01,3.9691522816962896,-0.6081291820319663,-0.9309202408330977,-5.009811895456567,-1.5665077042955065,6.096095759926562,-2.9084256766054284,-4.354232997679456,-6.657756208622054,-2.3604575956398426,0.4303485691898614,0.6542755215009847,2.6736925001073764,-4.163866758718553
TCGA-77-8154-01,2.667678735666405,-0.41570295077533853,-2.268269772777169,-3.641542460750923,0.36550923010448,3.577406199585113,0.030057609919461423,-7.777317167563835,0.3472819536100806,0.020319818923061984,-1.8741071778809737,-1.8671157539533323,3.6236133777449835,-0.9992986050412409
TCGA-77-8156-01,2.3724123062627065,0.3306714415779814,0.30624401384169125,0.22195745864063748,-1.6553063329374396,-3.20766566399581,-0.7908395990568629,-4.919634909475571,1.0923185956098078,-3.0230210089926515,-0.7633710758027508,-3.131688070537032,-3.7141433703153623,-0.4046454526888463
TCGA-77-A5FZ-01,-1.947085764996987,3.481124960563862,-1.0682416784211712,-0.04136317737889964,-0.7990078155002832,-1.0270740861372896,-1.0885649915856135,-0.3234675726414162,1.0492927423353668,1.3170439475138032,0.33135124553962003,-0.617563092791432,-3.00024206437912,0.1285414866829809
TCGA-77-A5G1-01,1.1313429184378783,0.7903708976113308,-4.135721785368661,-3.2038589263749255,2.847991569738678,0.8948396365191742,1.4567965196734125,0.4467803621659486,0.08713615392450855,1.624836792948761,0.44605023027162444,0.15242353274209475,-0.9787791731642876,1.2346413385951016
TCGA-77-A5G3-01,4.899503782647091,1.6343631887280572,1.29679093807435,0.9736686411199416,1.4648733925208777,0.13259018006978282,-2.0332917840961455,6.224969923284686,3.1389714094180716,-3.8104832897054797,3.7276641859632713,-1.8671049341257298,0.08818918635702698,6.642582763194011
TCGA-77-A5G6-01,3.8446016223538044,0.534284296380914,2.7068821359878474,-0.30752068394025783,2.196427963231566,-0.9385309141620098,-0.3082288894555345,9.326736104113504,-0.7842221239022285,-1.6261013266424778,2.6721148264896852,-0.1920603300574521,1.1288200840682114,4.391991208595239
TCGA-77-A5G7-01,2.8829327004722867,-0.23326124165048406,-1.1578525097068655,-2.253486388507894,0.9740595756422828,1.3687974198419404,-1.7082852936880533,-0.7604414991131085,2.0294151376568914,-0.7647110393349363,0.08164343327776143,-1.2132891254295883,2.956295103371148,-1.008414730324978
TCGA-77-A5G8-01,3.335779556371077,-1.9050193941340272,0.9560821096808966,-1.4123283492449514,-1.775286254419927,-2.601904795516078,5.79597704441973,-1.1030888457020251,-2.9104047655380736,-1.248405486495623,2.4142142155271302,4.392807735487863,-0.45793498681114303,3.7752493432094165
TCGA-77-A5GA-01,3.0618678240495867,1.8615231098790115,0.6682758618345985,-1.0292257080020244,-0.8382214408544115,-2.014725087178383,-0.8598394914330626,-0.49386663535483066,0.03949147528592904,0.3276834808769726,1.3932554516731959,1.7882448888792104,2.769410690979674,-2.252891129364982
TCGA-77-A5GB-01,1.8645829745679778,-0.426517409117864,-6.709518578744952,-2.537978874333522,-0.203820818236231,0.7504032180819687,0.27504161949397116,0.009298014843389128,4.057173317399491,-1.506089429043511,-1.7947116733606603,1.5798810620403243,-0.52775029735786,1.3025980268215804
TCGA-77-A5GF-01,3.6510562401884292,0.19259335675820793,4.020114860803278,-0.2641139906136206,-3.038512809337391,0.011497679278539683,0.8524610082344964,1.0785005924648592,3.7857950394630304,-1.0918366035865017,0.06936748172665391,-0.5809967122403202,-1.8398861528273793,0.9600092738824147
TCGA-77-A5GH-01,0.8758059384871469,-0.9302451297327348,-0.9560159326049774,0.9600295764856254,1.510045632868158,3.155613229285967,-3.029755207002278,3.588442657689029,-4.483650844311895,-1.4819809277426785,-1.2630561057128582,2.169137146422795,-4.889626743899615,-0.51791362028162
TCGA-78-7143-01,-2.5270814625867555,0.7826918519642801,0.39316301128228487,2.332092734750243,1.9263992138062564,-2.199162019497478,0.10121208367900128,2.4516790395153962,0.051066104797922555,-6.656948389363574,2.219409341248344,-1.0680836399165812,1.70565070525357,-1.6422728573992842
TCGA-78-7145-01,-2.001738922580524,-1.7187473582314086,-1.3224984474289725,3.1136182137653563,-2.34438973896225,-0.919743778211827,-0.032301580453374334,5.879926774239065,-1.2638452051369145,2.2459202813337122,6.761765793970661,-2.7738636082076984,3.709544376452833,0.28071191487777725
TCGA-78-7146-01,-0.5101975871783095,-8.205912770181683,-1.3461852607674747,6.610874861636843,-2.230677358351498,-5.857693578305862,1.4723919288256393,4.9547753557070005,-3.3121359098814405,4.515806164659781,-2.4350356931952333,1.562701915884032,1.651561045505399,2.485309997126785
TCGA-78-7147-01,-2.0429115623867578,1.1153521312412151,0.7696697509393762,3.5982857924304392,-0.2646177335231356,-0.9231519183823622,-1.1644285460641193,3.5209334705220536,-1.3408839825790682,-3.3955382212050886,-0.05909752423936658,1.9219628985373107,4.212538388255718,-3.467660019416199
TCGA-78-7148-01,-2.3830953181640226,-1.6569692175364201,0.07219565035059329,-2.452754353221479,2.8382201982556503,2.316861551920207,1.4740706157017234,-2.724527964671905,1.1379442702205782,3.4960119079708716,1.832564346215861,-1.3560142228248748,1.0114315474351854,-0.07265626174831015
TCGA-78-7149-01,-2.345482819190747,-0.2364818257922234,2.6209706616140482,-0.7650452242344812,-0.019142839855056572,1.490294061902295,2.9602950584281293,1.758736910711927,-1.9070425296600395,1.0461685375430982,-3.6766886699527017,-1.6331011526108474,3.5820591107164175,-1.4221480323872282
TCGA-78-7150-01,0.26563647310121724,-2.238382148684877,-0.07786701279302075,-5.672366463893045,3.8571990541113226,0.0874152199025759,2.8939183735149006,-2.0526554991965016,2.887470357657189,-1.2531718576473718,1.242329406770364,-1.4532562198725179,-0.0174927578141768,1.8841292619653494
TCGA-78-7152-01,-2.4537155363457765,-1.2417246371996635,0.3419195173504696,1.1769822944061632,-0.19475206761251054,0.6529003792468361,1.5634871016250094,-2.1450367027539254,1.3321302815796132,3.2498742364120807,1.0769148953500607,-0.5757751967189387,0.8678144216113485,-1.4948504310605661
TCGA-78-7153-01,-2.887990939654211,-3.5709059437421717,3.6214411422339183,11.754214750307941,0.8423934118305141,4.447937067726562,-1.8802136171014523,-0.7493908297123362,2.253381625379417,1.4899863461542697,2.7213365701468657,0.6765704622149799,1.7164444129937124,0.07299941616592942
TCGA-78-7154-01,-0.8144601812127652,-5.49580235923239,-0.11308187800520994,3.5670685714268426,0.6375096663793277,-12.046674685340815,-3.9511266025002922,-5.777635199505634,-12.686152123604813,2.2667337662881475,0.34793087733917627,-2.1675008823589605,2.5320301271839383,8.187477242881169
TCGA-78-7155-01,0.09983512340446253,-3.802826000126591,2.675582561911136,-3.3406380578369728,1.3458980047372597,4.199933772052494,-7.55102799738332,1.1557819138780052,-1.9428028153217405,-8.275452795297634,2.5069060434537143,-5.830666563894891,-1.0300910036702664,0.36027822777894264
TCGA-78-7156-01,-2.61099595556264,-1.4214376307885657,2.680644266338864,-2.564663559388205,0.8909546501707183,0.8827595946361204,1.866424321007901,0.4417203642497895,0.36616772862476527,3.2901710208520667,1.0707492138046453,-3.871116177893357,4.912242107769467,1.0021954481289372
TCGA-78-7158-01,-2.703642566436319,-3.751872600474254,3.1755201154403463,1.4927786228835636,-1.9288090112708498,1.5230502543843707,5.926857525700349,1.6564356465465278,1.3176487478191807,4.090135373365487,-0.8607703006903087,-1.2128574738343443,1.8330355371926916,0.7709061147614469
TCGA-78-7159-01,-2.020715049214338,-2.1808083474318134,2.9060637706165062,4.47545536681619,2.183970344100783,2.2839961803243973,-1.7745987332375361,-0.28807095901599594,1.5557363401558726,0.6179876065593025,-0.818511351761933,0.6139905666775645,-0.7066883807642115,-0.9498278927708472
TCGA-78-7160-01,-2.3829301259980022,0.42188793957555865,-0.5875798652248736,-1.1649708584738567,-1.2343383858350827,-0.15180142179123723,1.8057226352336002,-0.9041974119134608,0.045959918086439254,1.9874051889756594,0.9917847483007759,-1.355873592056255,-0.7080494418704233,1.021071017567315
TCGA-78-7161-01,-3.408392644626342,-2.904542899804627,4.114798201731676,4.780825787396531,-3.1899219251163364,2.144028393468171,2.24707103947024,-3.241657828851863,3.2893769467209606,-2.861902508131109,-4.417101074395386,1.6987708707062363,2.744254533014996,1.038795231374013
TCGA-78-7162-01,-2.5372052552750715,3.106700845202624,1.6088678322924401,0.8371618943761513,0.49580345095847334,0.3401833075532133,0.34309489269829624,-0.5006021162457771,-0.09513616789885385,2.1013604640047094,1.3674469094131612,-2.323319665412707,1.2874740603942374,0.6541984332098699
TCGA-78-7163-01,-2.6135122190838267,-4.305069105404483,0.31636213942594227,-4.203659617647039,1.9348349599684305,-1.8639660034687842,-1.3764209056495686,0.45534390641483885,-3.176187746408318,-2.591397353646456,-0.8419011006037551,-1.0071801087517127,4.346341011775925,-1.9797564649112918
TCGA-78-7166-01,-2.2675551989010256,-4.0648476983468065,-0.35172422678520393,-3.574738982368896,0.9195258420625484,1.3797637689315618,1.6622864135326645,1.5485309844001096,0.24857007246440213,1.3492651628410721,-3.9710613661740286,1.4171625105814125,2.0323922472773797,-0.7540550573131228
TCGA-78-7167-01,-2.993533117879118,-0.7141218110130183,2.541469746950859,0.365894227601631,1.8068117494877005,0.9352122110320017,3.0067676482654115,-1.472456111304913,-0.5697106487125455,4.492980118727598,-3.752004123699725,-1.0332941370643214,4.74263273887034,-1.3314641297279974
TCGA-78-7220-01,-0.30822935716183464,-2.4369875526292635,3.5318813293661173,-7.602589088550519,3.8835390789996462,3.1390006533295676,-1.1618244834956806,-0.6912690111550022,-6.9497360197053695,4.35587743380117,1.0191376816411646,-0.2617724299057812,-0.02173224587412253,-6.051213976303571
TCGA-78-7535-01,-3.167266758881455,-3.7084066558588153,-3.0159822069944715,0.9042591916421526,-0.08824512006911574,0.21203150933203038,1.628258920801817,-0.7310892126273798,1.6132333749514802,-4.40612321726805,1.0434406871653743,-1.3560967024732078,2.556466924162379,-1.8660092507504504
TCGA-78-7536-01,-1.595535784953126,-4.625133078611314,1.8444964494015552,2.912904485539814,2.569040523335841,0.6423009664571947,-4.605359459274722,2.8118857855228887,-0.11140509236206196,0.5365042792811051,-0.9060947400249931,-0.22777902891488677,-1.105703622445417,-7.185533346283382
TCGA-78-7537-01,-2.466928792477656,-1.0232493049824363,2.3814148833894366,-2.04235841620816,-0.5780307579231202,0.990088829770754,1.6912779441696792,-0.10338088047009915,0.541273431436376,2.502417561515065,0.9653167990046555,-3.7360974070360204,1.634306544388402,2.025418866855308
TCGA-78-7539-01,-4.00973173421297,-5.293834720310584,2.2816340127336114,-3.533923766764223,-3.668149966523127,1.2594247359891109,6.719759235930748,0.6701244103054249,-0.45812770786916884,1.7136209718671782,-1.8409076864393938,-0.734206729328454,-1.7116228352590273,-2.862270379912974
TCGA-78-7540-01,-1.41508240201063,2.107682757520355,-1.0603065571617252,0.34688635664761314,1.5583718312021666,-4.438375680066838,0.8988802031951633,-0.3688178533358227,-1.111570817615555,-0.4728642260891899,1.7929665205175243,-1.5514506929785705,5.678872306263558,-0.6777099906396147
TCGA-78-7542-01,-0.6145210896727871,-2.9438990731545416,-4.908173041376959,-0.7064724939268845,2.2007690636565056,0.09226746700142012,-0.9064518085417269,-0.19250714091170676,2.5693996776323766,-0.19824183136597615,-0.9122101840036974,1.445015614859206,2.4024220502737283,-2.1442636904664556
TCGA-78-7633-01,-2.624602890963736,-2.602067337285976,3.5709927468056537,-3.8318506757639645,-1.3902609832587978,3.062148671461707,5.263306896940934,1.544764194098193,-2.0492683365106727,3.8723793846557406,0.09408941622115803,-3.9374652088052096,3.8477463269028416,1.212915703105865
TCGA-78-8640-01,-1.5971224672416,-3.621972419269683,-0.03734271895143352,-2.5900465233848586,0.08224273435756417,0.3758536059302063,-3.074443708844479,-1.3030488703428418,-2.766824501697725,0.2787521093981355,-0.4012440204177665,-1.1639091809405202,0.27450458075383394,-0.24587695719276206
TCGA-78-8648-01,-1.6149014862397997,2.507193094331725,-0.8922394368078038,-0.23776515862429554,-1.2176120119888447,0.45727278138861044,-1.0516661125279771,-1.3042873472207246,0.9828144278571647,1.4589025359514423,1.6446758851249201,-2.32430649216633,-3.6717660177096128,1.6892986182049503
TCGA-78-8655-01,-2.331221949615648,-2.168641274118412,-1.6556114135711673,-0.7741803590677283,0.3260331204019025,-1.8207130838437724,4.954030317911512,1.585533691131443,0.1657864383182934,-3.6865826570029587,4.139224339664187,-3.5312228424116623,-0.48190319102472967,0.37568939042012767
TCGA-78-8660-01,-2.2299336136456813,-1.1001020489011133,-1.8907879501650475,-1.0384560774108227,1.1698656269625398,-0.10666270213319665,-2.2797302173024065,-0.5787520733498049,1.413405156990514,2.04693085144288,1.5582142554272045,-0.8539064279224642,-0.639255672202595,-1.6313556997168714
TCGA-78-8662-01,-0.6454201669625802,-5.50531323536411,5.050092626815963,6.26030454659493,-3.444632980601327,2.682657343233343,7.995081075814731,1.2711275978254448,1.5670524328559345,-5.517920591411724,2.149959068637914,-1.2657734961463138,1.1842090661747702,-2.597474916191634
TCGA-79-5596-01,4.837627040533457,0.9686751419254802,-0.41981200029550464,2.4934934829070095,-1.6614751802024412,2.462181515070952,-0.002484616358095143,-7.538030382820289,3.1647357227711836,0.6570952665539225,0.7354625310512639,-2.0682831497841927,3.1099533765241087,-0.208787095238041
TCGA-80-5607-01,-2.0425567913197997,1.2897529483803496,-0.8318485886487321,1.953489129257542,1.223061100453046,0.4130577755728802,-0.6976645775623282,0.13887471721706243,0.9025575580490085,2.285406866741028,2.0777189494238892,-0.6921475120049568,1.0189174983979237,-0.21097082157026475
TCGA-80-5608-01,-2.8401502330522512,-2.08855629939438,2.7120377127683377,4.44547237057804,3.9643497909405156,1.9368068930423898,0.17430622698570442,-2.1355844834301005,1.3605119961140049,1.9329475148996778,-0.049195275299050135,1.3176170250878592,0.3282793958276281,-1.7134096670461436
TCGA-80-5611-01,-2.412366396873061,-5.218614441278053,-2.3881922475571162,-1.609347391347709,-4.420665588693537,-0.47604216135479244,-0.841979382535387,4.7720352052763095,1.8546286346311498,-2.5506063743287473,-4.685016767329196,1.5727649495379536,0.26098193530179403,-2.5645669930429342
TCGA-83-5908-01,-1.426992165499028,-0.5280730775128771,-4.119992122856929,-2.2607059800459908,-1.678101991250857,-0.810379637093656,-3.7644840832762347,1.026278012517921,-1.5322856464275472,-1.1097440329650385,-0.5535922303397453,2.3272815960042483,-1.0947508956090968,-3.3898290756018956
TCGA-85-6175-01,0.25842925960254576,3.7561151199152962,-3.0664945662725325,1.85768249566943,0.27188401793620925,1.1593703214918534,2.655706036267868,-2.234712783252693,0.6194528971400004,-0.27267019615471405,2.4571500420518464,-0.5369491462476226,-2.442183153797492,1.956938829689866
TCGA-85-6560-01,0.5210777106140988,-1.2945529413430652,1.4340206902238517,-2.582128192130192,2.300536115354463,3.5937013548667855,-4.662203833948269,1.3499698881561468,-0.1959770764233272,0.036516180149083054,-1.501917869629994,-2.820512053389302,-5.217895748606419,-2.0116223653538983
TCGA-85-6561-01,2.1547143853595787,1.8699549216650797,-4.3862029160743585,2.74380979615697,-2.4608162594870446,-1.6247648886126984,0.18505218370496973,1.8026339344561444,3.942157833411979,-3.607616138987368,1.0935304374907988,-3.0696678757697615,-3.022782931371994,4.306420426343812
TCGA-85-6798-01,4.8636931178000475,0.1370216267031344,0.2539838126898622,1.9408222868329348,-4.65212438793937,0.7315962950954267,-0.9672070846431328,-7.000881293892862,-1.2006989563095718,-2.790737477998302,3.1153941271925047,-4.372716548144868,2.343076283962996,-0.610061875297231
TCGA-85-7696-01,2.1069014477465986,-1.2760405530146366,5.4848248937491775,-5.107125956853133,-5.527990304397596,-2.0400953109556514,6.048384337424104,7.859380791621058,0.30678503119359257,1.2892850821366855,-0.4206152253895232,7.082547650968966,-0.1264558155552129,7.659518523373948
TCGA-85-7697-01,2.609703357849397,3.849369938914686,-2.188014126535756,-1.413935646171781,1.0167451940760748,-0.1804837989116129,0.5371102986275392,-1.1373500184522596,2.3964086351688634,-1.3670747268273677,-3.9033730460512785,-0.04060867249048151,0.5038251971635602,0.04428489489751739
TCGA-85-7698-01,2.434947204405047,2.147560258575574,-2.154638838931265,1.9159578448435932,-1.3853524167944444,2.0749646832222775,-0.9580764411318239,-2.762098556875721,2.1397411439826763,-0.925352119945179,-1.4027167223909542,-0.5439567056145154,-2.144080508890434,2.4083836851771467
TCGA-85-7699-01,2.04817698850493,-0.3402033847988675,0.6147698291521926,-3.7994205442987523,4.4706387082688055,1.6312811422518618,-0.15539148559580082,-2.518196762727258,-2.8611118720297135,2.3150868751493086,-1.8636222413252903,1.2002850713984174,-7.0715396637801895,-2.956324469928432
TCGA-85-7710-01,1.3052055232959618,-3.000737465567009,-3.360840618084995,-2.038419082976025,-2.2648795012519627,2.827635064701897,3.729091978647016,5.526569265945996,-1.2242966679954617,1.590902958813493,-3.1483512888739527,1.9994942935564965,0.524564960402589,-0.35291204930735387
TCGA-85-7843-01,3.1807218563084727,1.6879489859660906,-0.33563194103266797,-1.606154782926444,-2.2051671528505055,0.3197550602284964,-3.6559196116368278,-2.4899454973959463,-4.2671953007867565,4.36608836537365,4.724054512524685,7.396820833621386,1.476673668681002,-1.5093528413107886
TCGA-85-7844-01,2.4142059017581667,2.376853386126603,-0.24012999781435496,-0.7475204503334589,-2.113294989483976,2.1318043580638446,0.011707892949299166,9.093917857043234,-1.8183524873438004,-2.1409540414271446,1.3311445329132117,-2.199473129940355,-1.074108410688564,1.5076726820658688
TCGA-85-7950-01,2.3265200941739694,1.5530916640906451,-0.7574991771531475,2.478355446014687,1.1754839245254292,-1.5873531709969695,-4.155820015692821,3.4008479445768853,1.3433351062107621,-3.9239396270831945,-1.3937398033914477,-3.136227070691163,-3.281278341092385,2.6592273161226307
TCGA-85-8048-01,0.08230557835455111,2.94895206952714,0.15237763654785808,-2.391977980541879,-0.8600288384857874,1.2499073320564895,0.19338007331462256,-2.6592817984716524,1.259649316039111,-0.04353382686115241,-0.033282735913924846,0.4703009839526376,-3.3796834869806744,0.39874654661018594
TCGA-85-8049-01,1.0659267993408479,4.533902789952123,-0.49528507132516736,-0.7496498384202938,0.7635659754503693,-3.350461757827727,2.319987883562475,-0.5068746616455947,1.263272727567285,-1.0067076345831882,-5.237111896864528,1.4454783520322745,-2.3795142294348075,-0.08259426515967454
TCGA-85-8052-01,2.2150238634939448,-0.25431769308881996,1.1941556953348444,0.3560904037035871,-2.569085480807008,-0.13868988645504177,2.1249137020805358,3.5104176125697784,2.183191478787048,-0.15040818869287428,-1.9406106289848584,-2.5084831964906544,0.003439982503303394,4.380622284377281
TCGA-85-8070-01,3.3756727733408383,-2.7743376335955294,2.34286680684292,-4.0653535545862205,-0.9261950882022941,-2.076183402762772,-6.673050708872559,-5.239979645496223,-5.695070973828184,3.2828336286650863,-1.3053045129436671,-3.240032187537242,4.748351127081207,-2.1499987993635967
TCGA-85-8071-01,2.8447150260301353,-1.4322926604527786,-4.656910070953228,-3.1598463297209975,1.5644812056443271,3.635883558218754,-2.0845480697756695,-3.7349879723818966,0.7701803389585906,-2.520806355678821,-5.416007395610379,-3.3065758643960477,1.8382093863400428,-0.22206662627163953
TCGA-85-8072-01,1.2523570382131288,-0.3285063985358313,-0.05553072328652963,-0.43838403210474036,-3.374701602083946,-0.9238099873800708,-1.2792722881123177,7.137296261588875,-0.0016600298416572486,2.6594560585695475,-0.7141401505839183,-1.9440876094627288,1.1501696268403079,-0.7147679347655121
TCGA-85-8276-01,1.9445576656737689,1.5200666883309009,-1.7041409789720285,4.171784247745036,-1.7060256332720378,1.6399091705612907,-2.958218059052506,-1.5880346197514046,1.8134179465341949,-0.8210242275381151,-0.1969835699516817,-1.6954682607854448,-2.7711028955868113,2.9416285905453683
TCGA-85-8277-01,3.4536529094627872,-1.4487247067289342,2.26057773514466,-0.9998989814204582,-1.8895087972672377,-2.0899710236578244,-0.43704030208317063,-4.799778882130776,-0.2332373573151883,3.828255925160031,-2.412240163603854,-2.065288295663294,-1.0443804429497292,-0.1945803665489518
TCGA-85-8287-01,0.9274452911441496,1.1209324732412087,-0.9452315695778521,2.71622930922419,-0.11598705108514723,-0.5807889929634888,-1.8522320977923683,-3.214555879143813,-1.3086845163183722,-2.4915642557045588,-1.9841304576459442,-1.7533646637587446,-4.10856004268118,4.197830010306923
TCGA-85-8288-01,1.7720095937424374,0.5667407714929924,-2.723776820524632,-2.8021090224185596,0.05280071572313846,2.2006006253313846,-2.8882494143167814,-0.24301980053795022,0.9215995980304306,-1.1110468373995275,-1.9878104047425156,-1.3477531056018874,-1.2027699043690616,2.217478788809741
TCGA-85-8350-01,3.4547991109816767,6.237203852329301,4.8058757266634595,-0.6595062367795654,0.8274227288396117,2.183370935416262,-0.3153184671334206,0.5279797788312183,-4.186249564129873,0.28226207288163935,1.173152003364475,-0.9941094165958723,-1.5277624823034288,-2.923556558376929
TCGA-85-8351-01,0.5785153920165941,0.06268656715783176,-1.0991228437067673,-5.131646135254408,-0.3258941696962472,2.0065879020205672,1.804785743113452,0.13836759490417608,-1.5602121497172499,1.5208926805536171,-0.0009706201165972278,2.9676620126543876,2.320197689022979,0.2524880272255416
TCGA-85-8352-01,0.716944743497773,-8.803480704725278,2.2062478645869397,-0.15556645014073217,-1.946706863505615,-4.273988751860255,-4.709092977512696,-3.3535448317912917,-5.908727962064797,0.7364911064922722,-6.215905097771306,0.6186794118934529,3.179045874432343,3.327519305578238
TCGA-85-8353-01,1.2558714149330847,2.01181198789905,-0.6670961233392316,1.0357261690255457,-3.9270935050469338,2.179871516975694,1.5368687337644085,-0.4086766552093077,3.4447524053952217,0.35275530299075575,0.415274924414731,2.088549227629781,-1.5934150848850541,2.153271305790041
TCGA-85-8354-01,3.9804029091096482,-3.6272089959478135,1.4740877530459353,0.6928219652335723,-1.5911313808362866,-8.2062959894277,2.441364839517713,-5.443569089796598,2.5870118556011747,-4.943392162642803,5.908557279775051,-4.654622604285602,2.7488391101922294,-3.375275390163728
TCGA-85-8355-01,1.0547898753428164,3.692009484363887,-0.6121342114845032,-0.5236853544070592,-1.4337326748119188,-1.2252210759299542,-2.311594229514918,-3.613738354015737,2.743018322015771,-0.8806683008754047,-3.279119331120782,0.21801565729176695,-3.0425570086789557,1.0876248673339461
TCGA-85-8479-01,3.084140688627629,-1.8522416872122414,-2.97429636677503,-3.758821581044989,0.01459228923146707,1.0178435306563405,2.1234296913086914,-1.8273072573935627,1.0311253779842788,0.8498102340718526,-3.0931574029314333,0.4615325445538325,5.041801769887451,-3.148600957707702
TCGA-85-8481-01,2.048869922346735,0.0962254127742763,-4.887153529023025,-0.29456094496712204,2.5565456595043696,2.069942892162251,0.884307391328585,-2.23442239470843,0.06142314567061182,2.0378938839374174,-0.5157959956092356,1.378467004096985,-0.664102867570968,-3.973870935914047
TCGA-85-8580-01,2.1975048641732275,1.7556560242035633,-0.6745557938458528,-0.4004185846630179,-0.266951143095136,1.5503528371870625,-2.7794641926322377,0.3884586199869055,1.3480871225375142,-1.1427081731312272,-0.8825350734378522,-2.0308239790526583,0.8742662723943465,2.63922922230931
TCGA-85-8582-01,1.387536169569348,1.290185908377206,-4.110507998784649,0.36302885963271764,-0.6726187009305129,3.787618708949561,0.21100688972832624,-2.972148208194276,0.2069751079937319,-1.0232031629438825,-1.5755680023270913,2.565788983078145,-1.7101040675089005,3.20192852805777
TCGA-85-8584-01,-1.3969183398000191,-1.4400586728844453,-1.4375937055531753,-2.800576291732355,4.190257324325242,-2.0143544816670285,-2.1420911691530535,-0.1253696954341647,2.6398345390343523,2.1153697730897547,-0.4266756286582581,5.220820034609333,-0.6898392382017967,-2.760051578768275
TCGA-85-8664-01,2.7969822055560587,-2.564872269705336,2.9846215533151113,-4.0645706871751885,2.5933784379077207,2.1612226936187304,-2.4997694654068083,0.8232584296934011,-0.6152879801837801,-2.192887317036739,0.8868153896745646,1.244453262531435,0.6124062434732633,-2.457373738655979
TCGA-85-8666-01,2.5598199136156183,-1.9222634240031649,-3.9234062134544208,-0.4872513609173316,2.595127439353838,0.08954243782493015,3.3973662234129263,-2.47869466466479,1.7942069388526742,1.1393515319678977,-1.848293640380626,0.36468487288278156,-2.5038746677103765,-1.1774909924465273
TCGA-85-A4CL-01,2.284827917112288,-0.687475466998363,1.9372980842268972,-10.7545544412065,-3.5558330984859796,-1.690981832196567,-0.1291010800566313,-0.07618276846248004,3.864265064006295,2.6752253091348814,0.5005308266638752,6.287341568700974,-0.6865920051455199,4.363080475721362
TCGA-85-A4CN-01,4.352221478175692,0.4295779950120235,-0.16069641381384378,1.1904587346519901,-4.305878894244525,-2.3619272195081464,1.7378019271496952,-8.570925971309808,1.2567739422746187,0.08565014513173565,2.0815123621068228,-1.9863555777512776,0.2832980832509828,-3.817809033077268
TCGA-85-A4JB-01,2.359444470472894,1.3374683652242927,-0.904510853884658,0.4012713098342849,3.2219408865757053,3.3207721289189043,-1.2604116711569218,-3.7413772918876234,2.2616847086670053,-3.1394101536385635,-3.3561908278334616,2.6206723462788757,0.501225660789349,3.02423271395716
TCGA-85-A4JC-01,1.7499774289602852,3.5670305279625487,-3.357832264717753,-1.5456623350168472,0.935330394510608,0.19296277056936806,-0.30063834831867103,1.9333139177931824,-1.372626513942906,-2.6984439118312644,-6.183304491099751,2.960481994110806,1.5954917919205396,-0.7186620982642121
TCGA-85-A4PA-01,-1.5230785820585557,-0.28926813942618246,0.09025256579035944,-1.5914719610399597,-0.7815266721734457,-0.7461640685357253,-5.346757366734908,-2.2821202845849955,3.247480671309914,-0.07334547267872499,-0.48674244224301977,-1.7562026338906487,-4.927532606659773,-0.29156642947272554
TCGA-85-A4QQ-01,2.449589145659938,-0.28075734641321287,-4.856741231009226,2.936673239641775,2.428502866359442,1.845324021962728,-0.6668479132752149,3.7471749778106695,2.420746848161729,-3.635797011912202,-2.9225548961701544,4.9881678332451935,3.6887246404643883,-1.2975811382097695
TCGA-85-A4QR-01,3.5876983753766147,-2.586994301261346,1.8258424656934058,-2.288573055466191,4.021612711788008,1.8398717809402667,-2.198638557328245,-2.7827265707034416,-1.9329623448826176,-2.3625178700103775,2.1774768650870504,0.6043464041383695,5.679068220714668,0.18188472266947794
TCGA-85-A50M-01,-0.3825713119761998,-1.780093965282682,-4.427227299317758,-3.4578179006898977,-0.8420552967526053,-1.9872850261616897,1.675686718145651,-3.2410274804011694,-1.2766400362413415,-5.411105470461357,0.9772842401742717,0.753980426736776,1.3045985911470441,4.427980392922998
TCGA-85-A50Z-01,1.2486925290358466,-2.0583014193175746,-5.256605934790453,-3.147048481163339,1.6190452362450152,2.925764552495513,-1.7440513999201568,-0.789281944801351,-0.22912606098200294,0.0029064811327277063,-1.3738342412043851,0.8435539911105624,1.3745185366698742,-1.3053224503941536
TCGA-85-A510-01,-0.7122573177793106,-0.8577911323675831,6.502336452222519,-1.3385032119225393,2.0437896191085345,5.449724852666983,-5.402616848004041,5.09287954667104,-3.556322061711416,1.3938950768914309,5.670764349698429,3.137920427033689,-2.678357058614059,-0.5377747029793709
TCGA-85-A511-01,3.2093300789872634,-0.28805554860317434,-0.5094436294008281,-1.68142245529385,4.406412393330081,-2.129673353274974,1.563490179476721,-2.4454469571162174,-2.2321875506032973,2.1123065304385915,-1.487807073235588,-1.3963475929758575,-4.367341423237011,-1.234286843145801
TCGA-85-A512-01,4.421064165085531,-2.333731859749257,0.9815768337459612,1.190738966755509,5.986469994893515,-4.20692957568395,5.188078177319255,-3.229881475157247,-0.5565923341231233,9.496291346358584,-8.735240169431014,-2.606482931726138,-0.6622660373105872,-2.5849567640823277
TCGA-85-A513-01,-2.273235853017247,0.9488235426859066,-0.7877488089098498,2.8955741112166606,-0.07134043142173772,0.09537366049228954,-0.7889006317148685,0.11089586228592294,4.248211227810756,-2.7633480693941603,3.108626486567057,-0.9742571342138294,-1.8149047849043711,-0.08684225632447799
TCGA-85-A53L-01,3.223547994394382,-0.6079068123737869,1.9545678448513621,-0.5899698944556462,0.24348861711614714,-2.12695240929725,3.971452908611835,-2.2144268073859354,1.162079014187353,-0.8685572528092809,-1.706036863578744,-2.5471801113407584,0.3054437543563527,3.0044750285711648
TCGA-85-A5B5-01,3.47097874986098,0.2000117360519374,2.589058187496743,5.098711424986303,-4.438490417992726,0.1068322489599506,-5.956032727127419,10.406218614204539,-1.356451068918419,-0.7752856596786144,1.056428881849859,1.6131852295586637,3.7599432502127392,5.560447152197217
TCGA-86-6562-01,-2.312403841163298,-2.9146651970629343,0.5552435371468711,-1.4788396312538283,-1.701842793739429,-1.8852761873694872,8.018626121599722,-2.387814312005358,-4.621458652850507,-2.313569480168028,-1.0190440466322763,-2.403309715708955,-0.9300364022448675,3.0805341922427822
TCGA-86-6851-01,-1.6000367916775273,-1.6588280342491653,0.7384596673864093,-3.721589236534459,2.341494127163331,-0.5450962847873079,-0.8199781925890807,3.5236671172371152,-2.020012581461098,1.4696313585979464,0.22361082775831048,-1.9483712373930206,-4.993219326896207,-3.7042247927751784
TCGA-86-7701-01,-2.136879366018744,-1.6804144537768844,0.7726776446872045,1.322766825303069,-1.2202318245360118,-1.9320817337830007,-1.6700864273963583,-0.6068765185722295,1.652503132826808,-1.6883016753730793,-1.5774988126590666,-1.54154209743609,-2.874301605490403,0.9777015421520504
TCGA-86-7711-01,-0.5850237189687383,-3.2747351063842527,-3.394228098964384,-3.7969208164781874,-0.6499096594806303,2.4138235146374774,-0.8160445209340629,1.806797081113106,-0.9802630830417799,2.5771135017587707,-0.7506818504625192,0.3419443415443123,-1.5192512418821416,-1.1722650826647967
TCGA-86-7713-01,-2.2040407962640165,-4.381032307231772,4.283637648865645,7.483602493821267,5.827605627806454,3.0572770941424703,0.5070033486648988,-4.388197792451911,2.048542758175505,0.20034031108956213,0.47045638102659537,0.7118312853050003,-0.018642123330123,0.7613600095666442
TCGA-86-7714-01,-2.315841827727015,2.1062100390046536,-0.8660792156910867,-0.7254083370811333,1.3207139295156471,0.43848902710190124,1.0026559865168863,0.7106846685727157,-0.5392123661517197,3.2526280535546355,3.3375093169898467,-2.995854199114927,3.1806083231549716,0.6028976005023845
TCGA-86-7953-01,-1.187235616094209,0.006898432966170638,-0.4315646701049602,-1.260849381806634,-0.0009439466042291176,-0.4943066698297126,-2.440629526547004,1.0557173545630087,-1.7562432033388296,-0.3699249596437064,0.6237950246322036,-2.749070636359836,-1.2695603230689123,-2.588417489692428
TCGA-86-7954-01,-2.4771328943455626,-0.14751444882627315,0.8374259544477047,-0.6040613472553682,0.2503677782046759,-0.29469736981038636,-1.5889241870696844,-0.013947949839419362,-0.9998387528315685,1.702564761870942,-2.75216667919535,-0.47073028315611715,-1.437782199284716,-3.3116932515236117
TCGA-86-7955-01,-1.3973148184839905,-7.095398870774953,0.5877266180887872,-1.6495023405470308,-1.1045860684790605,0.9030853863339713,-3.7653762885457405,-1.9868985600842046,1.1994492043377702,-4.403639380842768,-4.921927033449349,-2.5989937335665845,3.3891951229124953,0.6569302731927537
TCGA-86-8054-01,-2.2276123908690217,-4.35740203239088,5.3061707552845965,-0.5153082978040794,-1.0710721351050907,4.453216369475511,1.3682912445748237,-4.4518959215102045,0.35775438014685207,-0.49227208975691517,-4.549480028154838,-1.0270835197815982,-1.1469508134333906,1.1369597976162962
TCGA-86-8055-01,-1.142935332650452,1.534910133904726,-1.4957363141210573,0.4037785539277299,-0.57109550941988,-0.4755349801726057,3.0052081050853845,-0.27684119230459153,1.3273526935266111,-4.871507892978661,3.7852285661199447,-2.3160725873400954,-1.300500999866246,3.1352549878111504
TCGA-86-8056-01,-2.8005474451947046,1.8924342222897517,2.4135049997017326,-1.1427205735815706,-1.5142533223235275,-1.1621203701107492,4.401244231285075,1.7057183956114452,0.12280230878439624,2.6784069026720867,-2.6363700554500196,-0.48755986195751017,1.6426540013619446,0.08378430005087774
TCGA-86-8073-01,-2.041777965736535,1.7218943725682891,1.1556207900582012,0.8149133604276063,-1.3823104636093824,0.9475797039615641,-2.118056836827005,-1.3007235822938403,-2.863162176144817,0.16007549922940878,1.9938964782906625,0.5040933695583542,1.2471805417569197,2.1174984975572255
TCGA-86-8074-01,-2.1791363025651314,-2.2855422040966684,0.490335038215284,-1.9674883360492907,-5.496705423741823,2.8939476784896274,3.460736274272709,5.836464635541559,-3.0200147700654014,-3.940423181259525,-1.5654271409798641,2.6977171337168695,-1.0576173485068427,-0.6765919947166964
TCGA-86-8075-01,-1.1393284634790182,0.9222158335310815,0.43333615535581715,-0.872720664831133,-0.08643780825976072,-1.8332941507063256,3.218870723793674,-3.1862557197336296,0.7788258934224797,-3.2113779053511324,3.184540420379403,-2.13013479229924,-1.3191362613491329,2.559298079352882
TCGA-86-8076-01,-2.4970371112554233,4.0247474963799945,1.0810992359047744,-0.45313287114016326,0.036884495484707285,-2.692293638085437,0.6737437862131718,0.9559870422561783,0.7297113673239359,0.8561861103853592,-3.632709613221045,1.52187173486174,0.3974529742415656,-1.6038074022654745
TCGA-86-8278-01,-1.4416795424448845,2.6615324244328504,-0.8113356023819954,-2.3616975545264025,1.7273605629973467,1.2082933750706193,1.1303293937022034,1.5712546320778322,2.169368682888957,0.8140825042319165,0.8749997581632795,-1.6485106611431894,0.4667453133026765,-0.6880378665428137
TCGA-86-8279-01,-2.6433390898045164,-3.6568954865136205,1.482013233272235,0.5591193140137167,-1.6628830683008275,3.3124537461784027,2.8575337851520564,1.6462283256767907,-1.4626745233808023,-3.441334419854442,-0.38898380031233937,-1.8411258918012927,0.8385648298320938,-0.7716192396840005
TCGA-86-8280-01,-2.6684346002994466,2.8893477243013583,1.668381044289064,2.2582435570875137,0.44685645943862035,-4.654089883039915,2.1270786399271224,-1.8021060455511797,-2.6820900136107673,-2.1571392516688057,-1.0740375159361033,-0.36132567292747725,-0.32352622274847204,2.1093786165762136
TCGA-86-8281-01,-2.6652381736092203,-1.5346186622733653,2.35786151375383,-2.0875429756209045,-1.6092547707708675,0.6535105906236396,4.234870602504338,1.120251099505249,0.5419412327708178,3.645267035607791,-0.29876344974528646,-2.7547869602043895,2.0560891934029404,1.251668568216312
TCGA-86-8358-01,-1.6632139706387492,-3.36295147533592,6.9510806269545,1.1726523830687412,-3.2689515284622592,2.740288351626493,-0.1476366203951195,-2.117933392622326,7.504255273592299,-11.12241704726139,0.6551366446818568,5.148724966471308,-2.8638111840706117,5.6743678703388225
TCGA-86-8359-01,-2.5747551336805117,-3.8782845412857854,0.4683387748363611,5.04050115173368,1.2152366285349887,0.49761423950149464,0.999503047578254,0.10665327174027871,2.101827107513496,-2.0445466810467883,2.171418954936242,1.2293156048737963,-0.880325595776513,-0.6341996977849215
TCGA-86-8585-01,-1.48507735322828,-2.226198788704743,-0.17255106954739807,0.012396145420555485,2.435610337241299,0.9217728821705179,-1.3158949074634612,-0.8185051274021057,0.3772190840330824,0.5810258533019876,-0.9719696091690846,3.302244310555459,-2.4485065731367155,-2.260888991132681
TCGA-86-8668-01,-2.564791260147805,3.1047697272504036,0.01712586990082426,0.24630271386651015,1.4737629001630006,-1.1248718054618503,3.9552661697481573,0.37554509562199073,4.727016637663632,-7.768866810267004,4.564890224400499,-3.642247955284977,-0.22534370351353275,-0.44110650847044813
TCGA-86-8669-01,-1.8789623859738813,-1.6717731143319767,4.414331304580763,6.635564272939212,3.7154304398076974,1.6746956714422838,-3.524200748807208,2.2198582608453536,2.4722653976697084,2.4257276868684845,3.798805510354083,-3.0106551489748026,-1.4709413906982174,-0.9340094920699766
TCGA-86-8671-01,-2.3450005494179558,2.7320628503207787,-0.05701429479064698,0.03696775572896771,-0.7902622921874302,-0.6479768187826358,-1.551738524520799,-0.8550722959015006,0.9833409694566299,0.9314902462992186,1.559101109524393,-1.9273434127565698,-3.406145516957738,0.4641308052060404
TCGA-86-8672-01,-1.3203488289310064,-3.431883262527953,-3.924924030011784,-0.5725385445762327,-0.8688050061685679,0.15677496831325274,-3.4295121028405755,0.022001782129202174,0.30735407077829907,2.4631905996409067,-0.8097269835020882,0.46032717506959153,-0.4656660340884627,-1.0421658393973021
TCGA-86-8673-01,-1.7688429280413505,-6.492187870396706,2.9520687053300287,-2.0831996855047685,-4.355882520764722,-3.235714706136614,4.638997250835755,4.4988311014434945,-2.587003470357933,-3.5030584497354433,-4.682761798309046,3.636197848540061,-0.5985680890942943,1.7771068773061085
TCGA-86-8674-01,-1.9451664780929674,-4.639825493899877,1.2721573811370903,-0.8954183306922178,0.8203563541202147,1.6108363815371378,2.346364526818289,0.5955349229263014,1.7653654651817008,3.0460748206822164,-0.7269352107859854,-0.9939351279041699,4.613179800341197,0.14154914194703822
TCGA-86-A456-01,-2.5745783095472516,1.0374830668416875,0.29152234638543667,1.4377007973157316,1.115291727974106,-0.5868279496275474,-0.01003551161203226,0.9305772364255088,0.9203518897806919,1.2382497764393994,2.329222923844712,-2.448392498756223,1.0218809742059138,-0.2454509048639998
TCGA-86-A4D0-01,-1.6065682473653549,-4.7772690460809155,6.666259529529552,12.947914877072346,2.525728531950684,8.759757919324853,-3.3619061399353893,-0.48797492167230944,-1.7068724470028682,0.32999464231766223,-1.5367490680905072,2.4167340165048445,-2.378282592715281,-2.650117861181453
TCGA-86-A4JF-01,-2.189944379388236,-2.292897481487201,-0.7203178793263281,-4.17689724616959,-0.5403243433083036,-0.5941208824812874,0.9365324317667745,1.1871387503579047,1.174821905051874,3.032808988031121,0.4507769928955747,-2.2164121890976953,0.6085874413626066,-0.4031646457801833
TCGA-86-A4P7-01,-2.5853593641776573,3.2023835814850274,1.4419237292403828,0.7328869282781951,0.04156568738804217,-1.1190836261676835,-0.40004840384719215,-1.3336540366825578,0.19683220670977827,0.17445437304270633,-0.12168571372158427,-1.263481419377598,0.05681114119643024,0.8760788550285725
TCGA-86-A4P8-01,-2.6315684843669573,4.766460850747706,1.5630144583078942,0.3913421527891252,0.006410744668262368,-1.0347736016855753,-0.6764430162136613,-0.2648655631063285,0.10128274729907341,1.5444407909819908,1.1071097361812352,-2.0692094408784927,-0.2862987945939904,0.5135024666563427
TCGA-90-6837-01,1.029015394100065,0.3352564208494442,-5.6628020951583595,-2.5521429515272303,-0.3642851217970394,1.591278835984202,-0.12579959814042102,-2.9144277125715927,2.1665411381984527,0.4268692597721641,-1.9027206183424195,0.44538467349024574,-1.685825935287557,1.7452949751037883
TCGA-90-7766-01,1.5702426386382105,2.8525796165943142,-1.6650491139108554,-2.2064920449971934,0.26508137975226226,-0.21931089713202795,-3.431181713060237,1.3805086391512629,-0.805756802919559,-1.3399429737024098,-3.200405100430987,0.9848430248133886,0.6278060322692022,-3.0963970135335512
TCGA-90-7767-01,2.286706777406893,-0.6599368745476207,2.789317012962439,-2.2967505153705265,2.0467087290139903,2.3177415786381004,2.413576767600561,5.963850423308,0.8838960577458886,1.9636995395569088,-3.772196826631757,-0.3280508212508532,-6.152975636510887,-1.08028198410207
TCGA-90-7769-01,4.807576433064885,-2.4930750009737475,-0.11915500071267786,4.652437673601913,0.9192063574425327,1.803092918741926,0.6932370834458527,-9.648462686815058,-3.206032437380668,-0.8638075316999456,3.5671578365849186,3.305231284274029,2.22777482704227,2.7633671390720673
TCGA-90-7964-01,0.7100486474937722,0.5560448202165766,-0.24012994178297847,-3.2862108276926474,0.3725788145432966,0.343234524026239,4.106252434696979,-0.4632282304912131,0.018778835682715867,3.304238256183444,0.4523213617689904,-0.17496819925283938,1.2127364968820409,0.10893198013681826
TCGA-90-A4ED-01,0.5134427482198721,-0.0380923633573244,-0.2538122958523981,-4.404854896543353,-0.45184623873144714,1.051967935693801,-1.62154754642247,-6.309045094162349,2.2905887047776847,-3.141177486821191,-5.614169385149943,-2.774314183826176,-0.9472256350797268,3.5256912853844264
TCGA-90-A4EE-01,0.8539123358988836,-1.7271448932287956,2.3859925492713834,-0.8255188042834753,2.8562757264471133,-3.1651054822573887,-0.04559452646082586,3.7237873662508454,2.286369690974397,0.07262182194461332,-1.3208651248637264,-0.2709844572811978,-6.689317128029557,-0.15376258667121287
TCGA-90-A59Q-01,-0.06347095047445932,-1.1971583859212604,-3.2614153338856986,-2.1276921225103163,0.7348875509745717,-2.4434668448450476,-0.3382403031408181,0.6927043087133337,2.8715519793744666,0.5343899487272266,-2.3367926991300787,2.244515991905157,-1.3935419419789543,-0.5169117796755041
TCGA-91-6828-01,-3.2440844968370444,-2.088507923042636,2.0707959872680433,11.881275277793488,-2.255656071728919,4.71538379179223,-4.212625311597229,2.0903832133117435,1.843108674109129,1.6795101622240722,3.5734613411118157,0.9638743655343266,-1.5301512717471442,-0.3204776606458809
TCGA-91-6829-01,-1.3101533502003648,-0.320744054182553,2.446418406478766,-4.0797170469712585,-0.5422390324306409,3.2022821962794557,2.1707640625773035,-0.033965647547712335,-3.3125979481058874,-0.40006897928613294,2.8797555446068492,-0.007409830084868575,-1.9242231162079662,-0.4015962589832891
TCGA-91-6830-01,-1.3653851903030592,3.9709564927336136,0.678040939376509,-1.793722107024066,0.651479260757091,-0.6066254288467275,-1.1961351069699084,0.6788893221999786,0.045165191265650155,1.4638302675229231,2.454968797104026,0.8523205778955656,0.34922478879599705,2.376827178656729
TCGA-91-6831-01,-1.536459514211324,-3.0548610389239714,0.32830838970413206,0.8295838780899503,1.009170181059691,-0.2699657943500373,-1.3848950140814638,-2.130339592248198,5.106239253573658,-6.782607188832031,0.7172272863040305,-3.3466793915788418,-3.3041343630204127,0.3279017032128926
TCGA-91-6835-01,-2.5682529959430367,2.447802325869744,2.364421941022409,-0.32615616732167524,-3.177568578522064,-3.2339646529547967,1.243171282938038,0.7754606992613078,0.9395365285165348,-0.722678247554712,-2.624529105431836,2.516905100667238,-2.1448142291500014,2.264822535150622
TCGA-91-6836-01,-2.7208828094791073,-12.113200601039868,3.4004737837927053,-2.9572936782813373,-10.608984082873953,0.5506905427112787,7.29804029934918,3.1099923636377325,-4.829068421026403,1.5441133082154206,-13.266428999794135,3.382187777317761,-1.8249649340423995,-1.6245721267479403
TCGA-91-6840-01,-1.2887691996395152,1.680948614788163,4.116323910867454,1.5983229240362824,-0.8105417965904423,2.6530109546253633,-5.984091197203653,1.378917448903259,1.1993280374951134,0.8985074083028978,0.16661589118396652,1.095288773012949,0.660520459849853,-1.2850944060726155
TCGA-91-6847-01,-0.6583577630554006,-5.674525062980755,-1.095930694040846,3.1768891402127473,-0.20262902291626858,2.6334101966250034,0.05284423747781138,-6.880622718295248,2.097646516854452,-4.947510826294252,-1.908648399661022,0.004787570171490156,4.431973422858422,4.395408689254899
TCGA-91-6848-01,0.38354315553547896,-0.5649567148278923,-1.4691010775063904,-1.1922826650774097,-1.3049667326631398,0.0983606699725314,-1.9276516849729262,-3.987095715295431,2.1938532738266914,-3.1158187513021454,0.6768279760336393,-3.142644076903412,-4.941521327763814,0.21722224598618584
TCGA-91-6849-01,-2.731039020754808,0.7804300918225985,0.5585895575993549,-1.2807065026508406,-0.7972013330488037,-0.7445452454457101,1.908746045631036,1.1923979348684521,0.5529100516576173,2.653578936086584,-0.538879511001913,-0.833040602456483,1.9649700666462258,-0.03773887449484779
TCGA-91-7771-01,-2.33524045500224,1.4701979330095936,2.707334620157277,10.28178421033781,4.137889141621161,1.910165097878292,-0.09708130112271311,1.871604743936474,2.6705311855380636,2.6558386165947576,2.3847084079651575,0.6295229284065625,-2.4315008160191325,-2.043590080223806
TCGA-91-8496-01,-3.09601254247352,0.6145417783221742,0.4187149112787431,0.7402807610279384,-1.61266663620694,-2.2155474058238003,4.124766970452387,1.2102969055640396,-1.1826769367957433,1.9944616382847806,3.0729183577576955,-3.177154882305041,1.450022296274287,1.7566277272117203
TCGA-91-8497-01,-3.257239214634635,3.311937614178555,3.7045910467981344,-0.5775310354190016,-0.6557469760669187,-0.24796136354414833,1.0382448784668583,-3.3785311263617595,0.3746332984891907,0.7183121759680327,-2.259778620422251,-1.7732849410741747,-1.0644242812451117,0.8456412977333102
TCGA-91-8499-01,0.47419263203670303,-2.4491748515901666,4.960675070825832,3.8778890855690844,3.6573303789159177,3.973910167855999,-6.199080407032217,-3.222145758211746,0.037286124853591174,2.223473372080375,-1.1843578405538144,-0.31152276514550137,-4.228110019094946,-3.164711944124747
TCGA-91-A4BC-01,-1.7804901663660768,-1.2422362872969293,0.48506794560705674,-1.1331772665769682,0.23876770888206997,-0.8187626843310862,-5.65348805145189,-2.1169339770711004,1.257110641804179,-2.4674097666250785,-1.3754151363558678,-1.5698125969349261,-3.8605212359203924,-0.46397788672706103
TCGA-91-A4BD-01,-2.886261307091479,3.38898629676295,0.47003746078915953,-1.0985251516980548,2.673126771627244,-1.8836051990482425,-1.120190092016433,2.0657890160930923,-1.6074899505112847,1.2029872897108913,-0.5615587154272861,0.4981524559517313,3.834356174637153,-3.59340588012964
TCGA-92-7340-01,1.4847906082052493,1.003434969381914,-3.8842770791637253,-0.3590844174646511,-1.5551021965192264,0.20642568261621558,0.7885480979560401,-3.7513499896667,-1.9837272244317505,2.540615172268138,0.21640133901779685,0.24990998011467136,-1.2191291496623538,1.04285640571114
TCGA-92-7341-01,4.25360211523395,-0.08017233071347732,2.1149378525510856,0.9837725299030314,-2.4307333592097597,1.1905141866532556,3.024021837951086,-9.638360872530429,-0.7369949784076038,0.38076738673303556,4.860015419358004,2.8072688662228353,-0.5385631458079482,1.1794056355130156
TCGA-92-8063-01,1.2576480958128609,-1.869650376650119,-2.823955938966515,-2.2492511470384526,-1.4475434534426257,-3.010096666103459,-1.9673084318446554,-2.221562982263691,-1.7548698881428912,0.7651154655662948,-2.521875992474911,1.2943229037449866,1.4966377788924627,5.790353527444932
TCGA-92-8064-01,1.9978444677074982,-0.9041152220720029,-2.5723541327379333,0.9302734028545067,-1.6093486289907994,0.09172107349431728,-1.6107919017785752,0.6357250747740362,3.6536933375166565,-0.8538992144997001,0.21868186405175905,0.2990728863390567,-4.855969771773982,0.4209304252141343
TCGA-92-8065-01,1.6258012235743535,-0.7367441583934815,-2.319886837072069,0.5182172118071331,-1.8828952062857922,-1.5498994887282784,0.033207548175883506,1.5827934413677505,3.614542184132848,-0.9656302712878027,-0.09187295451835892,0.3324463947313162,-0.6901581101764641,-1.546070795499983
TCGA-93-7347-01,-2.581027658806876,3.299221159562728,-0.23296896365387407,0.733527935735015,0.5372568663244143,0.1979121978494071,-0.9573373218956903,1.0361567064194128,-1.5488934961371248,1.5666821189076794,1.7020746519004424,-0.2023310996205238,-1.350591435351757,-1.6162869632931072
TCGA-93-7348-01,-1.9949167438555742,3.7420037692577677,1.2029758370750365,-1.3248921650318406,0.6204986585105232,-0.5619039997541231,1.1860346145434817,-1.0238115446646643,-1.5722573984150559,-0.6343362614727197,-2.7505592097789826,-0.0839478704772035,1.0145902838733025,0.25264925334225474
TCGA-93-8067-01,-1.1664225288901744,0.38482547228967656,1.6201139830305156,3.9452243545371584,3.028660023626703,0.2495182815273541,-0.24749981954518804,3.977240211833359,2.5553506164070106,2.226338697477573,-0.696014028243517,2.0136086513913387,2.524928065201557,-2.3452586404526308
TCGA-93-A4JN-01,-1.838684212749223,1.1529297714515365,2.266434551642312,-0.8751688542353723,-1.1604559860228183,-1.6232661613946795,0.6910997049861596,4.61840008340521,1.665606214958397,-2.0147770815289263,-0.3623461065140411,-1.5451007108447972,-0.23063100742788034,3.9751263938701658
TCGA-93-A4JO-01,-2.0416077880834407,3.3866225350969947,0.3882467253907995,-0.4014197823957265,1.1363983511011895,-2.5480773321283676,-0.7675109402792126,0.006917903264432593,-0.45949703232726496,-1.09943484909603,-2.871345275013693,1.548431607966677,0.016364382883593497,-1.3892716085735064
TCGA-93-A4JP-01,-2.256263755137596,3.5268915400619534,1.9843661690569427,0.5436507031670876,0.3961699195034486,0.8771240593760276,1.1089869704041995,-0.7237087056209388,-0.45710598110106265,-0.717979027306693,1.8500217718024847,0.39169583510596484,0.8322087230582798,1.7011337365682926
TCGA-93-A4JQ-01,-1.387666865081463,2.4078875254665935,-0.7225348793705645,0.39142036753302595,0.46031787928881834,-0.7859252135327256,-1.6947497693032585,0.013632439073175812,0.8278451058942015,-2.139555863848672,-0.5469775845854101,-0.06497220240664256,-2.1762947076470645,-0.2590935393334635
TCGA-94-7033-01,2.141799769904691,0.7650479105264637,-3.2888746899416685,-0.27118764295214437,2.7759380800196305,-0.7022415303332686,-1.8375253818467319,3.723019149695379,2.4397652976003656,-2.153242176043645,-1.8453713008656614,0.9677008369268284,4.944008161440999,-0.16763238370890532
TCGA-94-7557-01,0.8992572306784212,-1.472334757366238,-1.1957992056308564,-2.407930074252989,0.5796878028831656,0.9722373523209039,2.9224661572285693,0.09028702070951182,1.1462153930792842,-0.023488900096091343,-3.343654911142424,-0.4344376312492763,0.34407011306602336,0.3388654026837278
TCGA-94-7943-01,1.4763540550241079,1.277289078304597,3.2104641554928124,-1.3346645240623016,0.43899537214398027,-0.5420375838064608,-2.0231422639248873,5.7689649607011475,0.4595636436458187,2.9752978115983817,3.5701068810200693,-0.8367550593770414,1.37064171863384,-0.6649000167904138
TCGA-94-8035-01,2.7525835102907275,2.2129993779800876,-2.0421203293627364,-2.1087497622645124,0.6430023186001502,1.1219732433118423,-1.430116822135106,-0.6098531436178681,0.6442879137804813,-0.427348839103166,-2.032610769950575,-0.8332042809668468,3.7060101214125605,-0.14021219044770883
TCGA-94-8490-01,4.038070097942078,-2.725774997493573,-0.9158868869396535,-2.4356682599680357,-2.854714489962833,0.11326024044015713,1.6502715749942756,6.930763706286419,3.535682663857443,-0.1681835383860936,-6.375203219267868,-3.4870366775017745,3.7168332514416886,2.2768461126014565
TCGA-94-8491-01,1.4393751134292563,1.1278977887172286,-2.42559042723529,-4.242565159367996,-0.6919344921288799,-0.2878338096527357,-2.523180784764189,-0.6901663055966687,-0.5590334797350103,1.0253799471505136,0.34104982326631345,-1.561132602106897,0.922538201690639,-2.496916668808734
TCGA-94-A4VJ-01,3.417736682399056,-0.2307176791946214,-1.5234087363443785,2.3695043433432925,3.0397763012184287,-1.7307748036672805,-0.36727809509603465,6.454870755509286,-2.00552568899586,2.2093064672655447,-0.08362875965201164,1.5336087092088573,1.3137289028584063,2.534882126260366
TCGA-94-A5I4-01,5.634031916514166,0.6208374535666704,4.611137745393681,7.761189054245018,3.3855010593060473,-9.379475874374746,0.92556779759058,-16.364752012383022,-1.887577309310739,1.438558834426419,7.421993384986696,-0.9505804769972799,2.346415215258544,1.5713523280946537
TCGA-94-A5I6-01,3.759441680966774,0.25043592769637746,1.1025353705871,-1.5799085161171351,0.7630807330546157,1.8037450908722505,1.1098074352400484,-2.115002252596682,0.14479608954539405,0.5425733157818297,0.42097526060762835,0.5994818489543405,0.25110762009514015,0.4306561362682648
TCGA-95-7039-01,-2.302812677917058,-2.630703388524377,-1.5533210361227383,-2.3555415356272325,0.032323935683565466,0.7949867393478032,-1.3605717156002641,0.3611746998741711,-8.435704421389714,2.199793256933922,0.4914310933122991,-2.1672057378870457,0.9357662007287199,-1.3473871651983855
TCGA-95-7043-01,-0.6904122106846996,-3.4083116423555997,2.8818810081921136,-3.2888357403669572,0.1068822628327154,-2.4730423519389073,-2.1453218615413885,1.9215285824271906,-1.8032905496482554,3.6892710097540005,3.4051986902241564,-0.21312294870514342,4.101464180099779,5.155003982885796
TCGA-95-7562-01,-1.549423822609872,-3.5599198000593293,-0.46173979891096967,7.215213737622186,-1.436486130509124,-3.2508588089600825,1.0352401731378937,-0.2122277817608382,0.8172983584177377,-3.7580401682665094,0.07680072017752919,1.7024106305369826,0.43448645322053076,1.962964447561396
TCGA-95-7567-01,-1.7008530022240589,-3.45621933415525,-0.11453395141902936,-0.6676378259504167,0.7188638193809084,-1.2199504467671274,2.249367227872403,0.14287222329428856,2.1460126446280827,2.886285814330432,0.2914111591655698,-2.1630614459404542,-0.4739882885968745,-2.232799122726597
TCGA-95-7944-01,-1.1176895654652472,-5.057317788476851,-4.460672858957306,-3.0134802024174445,0.02095100216731383,-5.88043587430463,-2.359923388058627,-2.660922262965197,-0.36383073691166085,-0.2636580756860547,0.565115913491593,-0.22907906956491367,-1.6814522658103568,1.77282327271744
TCGA-95-7947-01,-1.611122852898566,-0.33079604570449517,0.25371947367435094,-0.09328877126146794,-3.1418016693669872,-3.1629751378449935,-2.506386334927336,4.433601805222252,-2.5177657530162807,-4.970262019675018,0.17655903774480144,-1.0115698836539648,1.4623361207986199,-0.44054122670844686
TCGA-95-7948-01,-2.049334015565335,-0.045650221995654224,-1.32377906250304,2.586999848483248,1.452637015768479,2.1854520867433744,-1.838709206769562,-2.6589747811411586,0.10892089013104285,-0.5214987472126351,-1.7801045405837788,0.24970756726434915,3.944886580500832,-1.409022667047043
TCGA-95-8039-01,-2.421791916668136,2.229763643041301,-0.35760633316096085,-1.1390938327216014,0.7666864666126217,-0.20330845152615049,0.7709055725997236,1.9982465076213192,-0.8027781010533489,1.8919762482267517,0.4940887899243324,-0.774684966487003,0.837408825090569,-1.9238526267077447
TCGA-95-8494-01,-1.7681276035873448,-4.154056812042766,-5.001941632742867,3.825249377020219,-2.2580252837045016,-5.053389990713949,-3.3751025960952066,0.41365275135655205,-6.066964604513312,-1.4505476984539984,1.630895623242293,-1.8136362640614254,4.460659142679706,1.6392386499888094
TCGA-95-A4VK-01,-3.1345719950728497,-1.2823238686230478,1.7773568221484877,-6.683684554310278,0.5094504833713851,0.8414394078127608,2.030063672342173,-4.659722176847037,1.0959700235436973,2.5090938238232874,-0.7337390514147375,2.783487655005788,0.9707884981950373,2.3478056977411725
TCGA-95-A4VN-01,-2.1398747977761543,-0.12859310384848324,-2.180469730710491,1.7789369635853076,0.693768851269818,-3.403267272432544,1.476920514672283,1.8972895236564986,3.15730788470852,-4.280141926702034,0.049939083184748434,0.7310481765204296,-0.5410811424263874,-1.8844067497928916
TCGA-95-A4VP-01,-2.6536969140952262,-0.40564931733494997,3.6145408860334807,0.04784100191061533,1.303889134513196,2.4446474088348475,-0.7964102726865258,-2.101433130373602,2.0159001995189434,2.4774951567359085,-0.7586744241784519,-0.9673501242013683,-1.2354409751283233,0.25532957478492346
TCGA-96-7544-01,1.8255878721243497,1.5691240472149826,-2.796022093956457,-2.465233571687597,-1.2263437773948065,2.8873285518411986,-0.22449674345774334,0.08261053549553368,-0.7050122063832165,-0.7807335227429966,-2.89911074565335,-0.3710873811251525,-2.7737303650245653,1.9168485235932093
TCGA-96-7545-01,1.8775990109722893,4.194019587241338,1.3719700733266795,0.4765717679541496,-4.015603982926358,-0.09895253905885781,1.812496784440696,-4.749202666039923,-0.9476417067265405,3.6301938570272303,5.714349451093364,-2.1332811314763758,-0.3465832248146875,-2.5363655407526426
TCGA-96-8169-01,0.518023180900196,3.1314659672390235,-1.8836324668454587,1.0199372114399392,0.68738332603782,0.16417167395186377,0.5768972039134671,1.1398235089577469,-0.4964113650366491,-0.18932664155953283,-4.399454162341264,3.2137095291301234,1.734086897125802,0.028534178813151952
TCGA-96-8170-01,0.6541542496784338,4.7711997429894,-2.236335350690916,0.31360848823917997,1.0032774946542924,1.9536281488682603,0.2659619509148266,1.1500581562518577,-2.3002594659161386,-0.7964966485190811,-2.5502283145476845,1.9218021912600913,1.70892904519263,-0.11633562743651615
TCGA-96-A4JK-01,3.6295949670142966,-0.4918081745172953,0.8234999057150988,0.47970182161673347,0.9298644267303288,-2.0928885788704266,-2.2557041996985743,2.8094969700651347,1.6354080976072023,-2.4699673984988073,-2.1759966664702883,-3.9646930358553742,-2.2611201341560765,3.9500604932648735
TCGA-96-A4JL-01,-0.7450955079227717,1.882873362125896,-0.714570195843209,-0.9255736470273135,-0.5710412874773041,-4.345702793987861,-0.8101185721591848,-1.9538919138586355,1.8512409017836862,-4.398990512354587,-7.0107367656257304,2.496515853850463,-1.6046751639738894,1.1926553427369015
TCGA-97-7546-01,-2.8546895334498124,4.480165083269727,2.1367900396952977,-1.2508128758977068,-0.9875481921291492,-0.7174030514981414,0.5980199060456818,-1.2111259370833338,-0.8384172559168437,0.4466564032902122,-1.050352236943297,-2.1881229098253887,0.40254402710060283,0.950354637312981
TCGA-97-7547-01,-2.8568488554772484,-0.18348515629434364,1.5122831513048516,3.620832185856742,-2.8200539045701953,5.71113999205569,1.8570733972716935,1.4485786712928208,-4.667290957033373,1.6501871975224172,1.6307490819414383,1.0534559215443513,0.7840896113001683,-0.6693142989021753
TCGA-97-7552-01,-2.3024964839891893,5.380749876987768,0.07449848500720203,-0.020904530487135243,0.6661330075628058,-2.5602201643727756,-0.8161499804500275,0.34299148433120485,0.4366361028751939,0.8546151197945799,-1.6917551605201357,0.7838404188241326,-0.06110319579663628,-1.3576717216559206
TCGA-97-7553-01,-2.3446415467263177,3.8772784268583225,0.9033245971957905,1.4133745458750613,-1.5487042278659957,-1.580754512280156,0.5790362377026936,0.1481631768725379,-2.060562285104076,-0.12772529965467785,0.5193654397363408,-0.873311737992425,-1.148438686342037,-0.6454067118769309
TCGA-97-7554-01,-2.6166196861312523,-1.1624432414766122,-1.2920839338874717,-0.3519798592334551,-2.788336143656288,0.3937161000693188,1.4341666863493794,-0.7921366922648166,-2.003778948143799,0.07202812934007038,2.322319051505453,-1.1293049636439463,-1.0320658397317533,1.6477610238804088
TCGA-97-7937-01,-2.3532014966719497,-4.162051773313647,-0.7696344208242978,-0.14175039870530712,0.574983978429784,0.579246936801187,1.8324252363109155,-1.6747221916165167,-3.3543028721982115,-1.966885962320752,1.4673722514801335,-0.7380970962794603,2.0064060020876093,0.9988737899851369
TCGA-97-7938-01,-3.08422496135742,1.8694520055877923,1.1885127788347578,2.7895087886141567,-3.0738884975061196,2.694237909663723,0.9509126861762879,0.7998691289015237,-1.5884437614765496,1.8809156228410722,1.9803455349230243,-0.7361681230996834,2.8049575507458524,1.3383693747919974
TCGA-97-7941-01,-2.2258935617427356,5.877151951530684,1.4436553904627505,-0.334055845978411,1.611161659245897,-1.5728539952327172,0.03978459846251531,-0.12171066895379702,-0.26218847512674914,0.6179140064408598,-1.7663361955741632,-0.34651486244600943,2.7503110580170747,-0.12924322238316577
TCGA-97-8171-01,-2.600804954213768,-6.19588894098745,1.579411947158392,2.9606201218287582,-1.5521857603880445,-2.743672759261611,4.30330336574424,0.028449573176334488,-1.152291839735655,-2.700959850654267,0.022368351477173285,-5.762339666773277,3.6909950535624643,2.3841102809558303
TCGA-97-8172-01,-3.21236997332432,1.6274939086369011,2.5627214352126697,2.771297017381629,-0.13514303524946453,2.2761858746262074,1.0091358137442048,-4.081703930478456,0.26404368559776165,1.8904247841846609,1.6624627544094825,-0.30000609573772924,-2.3446242488376883,1.6808144239179683
TCGA-97-8174-01,-2.726542146285123,2.925431921317807,2.0130084685948115,-1.5367991952410882,0.09955296116809113,2.6364382996126197,1.2948079440735496,-1.384677072757915,-0.5959653632503843,3.6349768368340705,1.981064217247314,-2.4275018713607825,0.10604766473786588,1.3103582205352895
TCGA-97-8175-01,-1.9617814914462954,-1.3614765118354706,-3.0702132387858163,-1.2050775155188898,0.7873811918257733,-1.4689937583645056,-1.0682451583684052,-0.7032557392255224,0.800628323388461,1.033869718100505,3.510052500949734,-2.2364807152125885,1.7771605331790892,0.9705017873348233
TCGA-97-8176-01,-1.6491506605012276,0.3811598136914061,0.2989628249968343,-1.303642929416122,1.3038456210768865,-1.7145919796747007,1.6172835523919538,1.7792394227656145,0.4311706200174493,1.035069617588854,-2.7631244383207663,-0.3547296475530345,2.296934737681852,-1.0145556245007405
TCGA-97-8177-01,-2.4837265317239074,3.3093512491701103,0.09455861070931104,-0.5727068602908378,0.2735316445713498,0.6044329635713747,1.0841507617568253,-0.738476726071936,0.9124466241880193,-0.29388684950996,2.652939677457344,-2.844336784751185,-0.4614848306236587,0.9042887641460214
TCGA-97-8179-01,-3.0455837909337635,-3.722710273987409,3.401758537639231,4.549405100388348,-2.1203605687277527,-0.946887259615424,5.524619514870496,0.28234708893019983,-1.1682781871949846,-0.4328312039762341,1.108065526937398,-0.2911774695407113,1.6742446123970889,3.0775985649932442
TCGA-97-8547-01,-1.7709171117768259,0.44762354629348117,-2.3042389975742257,0.11274097104789761,1.5969738495965862,0.8619544796998762,2.402005998299491,0.9382341006430202,-0.35403205066070204,-3.832237861466814,3.9192737819156314,-2.245777476633908,0.5724315948707184,0.30384851984442235
TCGA-97-8552-01,-2.821106768150956,6.071624017459041,2.981101162534686,1.9971754619270188,2.0570867800087442,-4.241764953488782,0.9601287390412311,-0.3487458831139401,-2.4883413282565616,-2.7865668519828555,-2.3030942342250578,0.05263368790089097,2.2432541723463726,-0.052576605219462454
TCGA-97-A4LX-01,-2.042916351373793,1.4763681217629383,-0.18838777459700276,2.419495352959427,-0.22568140799863867,-1.384035402746435,-2.0346707712776486,1.8019382458984832,1.3992016922886013,1.0664507465832633,0.7722074839090802,-0.545577624414158,-2.5606569024146957,-1.0366373901718868
TCGA-97-A4M0-01,-2.994800146267871,-1.3302003067673953,0.6911625680723015,1.160110697899805,-0.07519101346083355,-0.16727002729703194,0.9891971016611555,2.1950264025758415,0.508569201381987,3.06995067536944,0.8185517336027461,-0.01961081538270278,0.27848372966096885,-1.9520175076632138
TCGA-97-A4M1-01,-3.2046478970526384,3.1775425423989514,2.098854295975199,-0.5035427733219835,0.14526048181054488,1.8092695133318302,2.7847974651744103,0.22298207552002683,1.6176826867034784,-1.8250854143332973,1.1788899817971374,-2.961897536955086,1.7536509902662505,-0.4998024226619331
TCGA-97-A4M2-01,-2.6213413372722534,4.979387660839983,1.7916127644608586,1.4069120999145714,0.6865163505917798,-1.6906040826774453,-0.9782899487871912,0.05151644005745352,0.3807959974050487,0.8531590756323364,-0.7658551168493651,-0.5463708307688828,0.400266419810972,-0.7669083838779863
TCGA-97-A4M3-01,-3.195648115806529,-2.1884017244657192,0.896348453839677,-3.1113388941014812,-1.1245749328897987,2.691566636446567,0.1197883020909994,2.488086846176631,1.1828737660407007,0.9490863542450477,-0.9990950864939492,-2.5451748954560736,2.6901145605261987,6.291105405598177
TCGA-97-A4M5-01,-2.4964819841557726,5.326143885779341,1.8773031899866914,-0.9393735130505068,0.8652380514536974,-0.657362593311477,1.225249063577976,-1.4509940345111523,0.2406889312256502,0.9908360385099487,-4.048331172854518,0.5020532811286916,1.315684596049006,-0.5804399611087563
TCGA-97-A4M6-01,-3.098893879103732,1.961133945766573,-0.18731437534518652,-0.6386997123482814,-2.14609252042648,1.607559296310147,1.1409910918025705,-1.6109139875680378,1.8488795771550968,-0.005290980857818952,-2.258074427796487,-1.7041755120036006,0.05658165684037435,-1.3628174317008717
TCGA-97-A4M7-01,-2.334586251808797,5.469529112318529,1.644257030217597,-3.035804290192495,1.9237490535342394,-1.9964306523037159,1.706294625114392,2.1515865309896953,1.900140671120522,-2.9323899813883965,-1.5640461886888966,-1.1528665730423295,-0.005627758762390455,-1.9462961570540682
TCGA-98-7454-01,-0.8144285064926271,1.6341178785002328,-2.6913946576695844,-0.27681332951386317,-2.449824775609955,0.2959662100674776,-0.08922200928480806,-1.3744728450680828,1.1676943956127808,2.5938854444351627,2.331561233423247,-1.4065500023982607,-2.834808794220225,0.23737500801027628
TCGA-98-8020-01,1.5708744637088645,0.7963039446938022,-5.013653636457919,3.069502595899211,0.664818241245426,3.8550207642059933,0.011298759149159156,0.24714455111446287,0.22940407985558395,0.07916995263539199,-0.11700443794579911,3.2025643833988626,-0.34628711446141924,1.4003676039033865
TCGA-98-8021-01,2.269132136628859,3.909024535363081,1.001405499609814,1.3456991528705982,-0.2266121889345588,1.1479106728460606,-1.6466842754438336,2.2758863331590207,1.4513096561395882,-0.6309044000939295,0.3317212216247915,-0.8682096070985509,1.1389484698242611,4.829897433445366
TCGA-98-8022-01,0.17071592657389595,1.7794741259378044,0.8137810726789881,-0.5197054021877514,-1.4633653363440522,2.936739100568001,-1.5680730001818173,1.2778111245289503,0.013349144075075358,0.11581055632308469,-0.7530192998981569,0.697726373875138,-0.41273147846953945,0.780844003691009
TCGA-98-8023-01,0.9330141073267209,-0.7691826521598827,-1.17962306574331,-3.004897585634961,-0.20780022408253263,-0.776815427859169,0.6953441630967754,-2.907594707347154,1.024379187721396,-1.7797008516699706,-7.041875617655163,2.2988859893491322,-4.551520403435643,-2.258831545718167
TCGA-98-A538-01,3.736465834479101,-1.2398143691852692,-1.7923998913073216,2.0800614669364186,0.7331978419925341,0.1319062968854321,-1.0514963878852024,-1.2247833191388782,-0.2838976295134524,3.8934298048794025,0.7939445470753252,-0.7090173904278971,-0.2082761694946249,0.22890837290160576
TCGA-98-A539-01,1.8167815282405193,2.491233644443944,-3.700737040862388,-1.4114564029312675,0.8466411423579319,4.227229240283552,-0.23449786546631762,-2.4331963012891062,-1.8290561639551928,-1.4102113283725966,-1.6092884841191788,-1.042047596136733,0.6467045279248915,1.7998851212209255
TCGA-98-A53A-01,3.2132510391964453,0.7435275510541451,1.2238064733073117,-0.5272680801146967,0.5127079726023845,0.8100046603841256,-6.172927214556286,4.217964623161186,3.5202016592016996,-0.6144920000815358,1.461201148595174,0.5428932533577088,1.753157116417979,4.146152449425125
TCGA-98-A53B-01,0.949571339451907,0.8330114408932836,2.6058559575192564,-5.676864080613614,2.0715589644114383,3.684010470111248,-1.8754853598318186,-0.3833188131551983,-2.043534111451491,2.2409935177974325,5.958294671935766,11.444570289708643,-0.7114089459899893,3.1273382243434535
TCGA-98-A53C-01,-1.6826464140594084,4.137978636030589,0.5896593941688314,0.10324172949155894,-1.0529161298896765,0.3164243018116418,-0.9951745605263096,-1.738428027461783,0.6870570568361022,0.8498198472472683,0.7463787046387216,-2.410730066729493,-2.9097529452249993,2.1418218454407874
TCGA-98-A53D-01,-1.561991229581628,3.3134711929714693,-0.9061410100364868,-0.3249305008762036,-0.5636569052635129,0.8884649523423477,0.24791909247675495,-1.2032683105693975,0.3886302818636018,1.814209427036399,1.6248220876306698,-2.3771933049308496,-1.4048883327899715,2.2453528668479033
TCGA-98-A53H-01,-0.7905186949841474,8.219880627705173,0.37276297324241237,0.2838467184196738,0.33881105486008956,-2.5081833341985664,0.24199096768954587,-1.9016410229399918,0.4518721666929555,-2.017761405854528,-6.170370816699032,2.4183550447871864,0.0586383018619819,0.35635246571953
TCGA-98-A53I-01,2.342526401809735,-0.9742439914423721,2.5571233535618156,-1.6571173265023451,-4.641640798391649,-1.5068775161106,-0.9397052836006748,8.161436436423141,1.6456655272292813,-0.5374606631670674,-2.5328067082186716,-1.333446357263096,-3.1264104708534597,1.7139348984636409
TCGA-98-A53J-01,4.471944411223976,0.6732561952665673,0.9870325095547359,-3.284846002697277,-1.249933675037602,-3.4029335480000005,1.729996665477426,7.704060982150574,3.052030743048812,-1.6617202411490506,2.682314609332792,0.5528504184450367,3.7725291640433367,3.3407211897339066
TCGA-99-7458-01,-2.783906999988419,3.160584008900971,-0.20467365657145167,0.5373568134016335,-1.332599487165789,0.021414352211505724,-0.07551540011260907,0.1200691922099694,-1.0716732525867438,0.9804051249039498,0.5873046701199512,-1.2427318791204347,-0.30824474455614637,0.006323970593642464
TCGA-99-8025-01,-2.6701637088401147,0.0701608513453119,2.139374249806004,2.4318226866001527,-2.132477354171751,-3.833369841712982,2.3641645102338913,-0.5269653658068146,-4.467905831879083,-1.7891378308108394,-3.719879052411124,7.662305718033558,3.2196121595972893,1.9089983965507389
TCGA-99-8028-01,-2.1615895607801416,3.225080778311615,-1.0816221487052275,0.8496193185304751,-0.34892363209690846,-2.3473475809106223,-1.5628437237274928,0.6767010319996878,0.6963781756247576,0.050563796827522454,-1.0333043447711372,1.046043880222781,-1.9913408560666348,-1.3645756969332827
TCGA-99-8032-01,-2.010765143428128,-0.28398923936792936,3.26636148927723,1.9611956745371582,1.8525243168535235,2.1890214562501997,-1.261639515724235,-0.9776676823939698,2.3905643254809714,-0.45711571165722664,-1.1501247936304018,-1.7107386751103448,-2.0237016697391828,1.6525376068978344
TCGA-99-8033-01,-1.5756363782923315,-3.419297574879525,-1.8179101037547964,-2.4311789573272464,1.049023277640685,-0.36005096098764516,0.6473276672560673,0.32404231913267784,-0.15270901035928663,1.4347844984265137,0.54625247727368,0.7503717829128299,-0.7680949822945947,-1.3848034358566226
TCGA-99-AA5R-01,-2.4327789420167765,3.1052381306669155,0.9029498109582146,0.5538015343290313,-0.9726449883348359,0.1984050722816433,-0.7792479551177784,-1.0114452323583765,0.46392622550190377,1.746640924035671,2.2797210002124526,-2.7964116667240964,-1.517665838721711,1.5727904226717773
TCGA-J1-A4AH-01,4.660982576752496,1.7063380734175415,6.8386244602426505,2.001603054111241,-1.8562656599443255,1.8072336474548492,-3.1231608949347667,-3.972939411884141,1.7620533091618986,2.0773191072248745,1.7747119173522246,-1.6088920374129538,0.29262630107847953,1.77372825521508
TCGA-J2-8192-01,-1.9811677592829817,2.7160825642166344,-3.012861940804266,0.9199921990990669,0.4916532312461926,-0.8129334588777292,4.150967915372115,-2.0684950065473595,0.5845155512982535,-4.526440118819846,2.247037316757012,-3.203381537609621,-1.2052596012136032,1.795709239022185
TCGA-J2-8194-01,-2.893283956378373,-0.5068903574997767,0.39157130599463497,3.271902015255941,0.6515015277847873,0.38637616041365336,4.285667356999808,-1.0407065145073446,1.898560580665863,-0.9543787889661111,0.8584985491484376,-0.2247339892987363,1.5475790511687277,0.17947876634621204
TCGA-J2-A4AD-01,-1.148369579302226,1.1134729696520689,0.37337402031094286,1.0510235657547762,0.41420718693260583,0.9866919968974004,-0.28017342322576755,0.39718343272255596,-1.5897073358397518,-2.2440461139356636,-4.0017706902686045,-0.6723268980515158,3.4787342517480866,-0.27447051686463597
TCGA-J2-A4AE-01,-2.7566701470477617,3.4119429530747363,1.4593097570365963,2.2932222997750955,1.9576633288241048,-1.4860576608749536,0.20029593905632495,0.9097127504139628,0.716626895495042,-4.099311096092613,1.1054068296920052,-0.11704254952577976,1.6786630921062675,-1.2586110129986527
TCGA-J2-A4AG-01,-2.655755853088104,1.1295579481310127,-0.055223038938286687,-1.3863763963033915,0.07877712824615463,-0.015368467351469574,-0.39374602635638994,-0.9400397355750804,0.6058394271375374,2.050459807886132,1.1274596675181174,-2.399844030457865,-0.13720128385473274,0.21394838838434388
TCGA-L3-A4E7-01,0.5971136969888824,1.1741857719521855,-3.639190330733204,-4.496361355804908,1.0831406349596855,1.2428103567179927,-0.019654535866174296,-1.2840175616299698,-1.079020128036813,-0.24705927255600565,-1.2425980525656966,-0.3294555170708927,0.8198808330102609,0.8322365626861751
TCGA-L3-A524-01,4.599288622557626,0.16253537323789716,8.420193079447534,8.084377641023513,-3.3357491305289946,6.916658403096043,4.31272244333864,-3.758878608920987,-2.2981763403852353,2.2652282684796914,1.3108615219787954,2.241734617957318,-0.9632848136737244,2.68497817622479
TCGA-L4-A4E5-01,-2.4569898972364688,-4.705563489378199,0.2059877285552942,-1.5891098061390165,-0.4546977722457623,-1.6420310935657434,0.8433081578565653,2.2562632879432107,-3.319257040644434,-8.277087940715981,-3.7473697721343706,-2.078796174064193,-0.6576830664913085,-3.026980285753111
TCGA-L4-A4E6-01,-2.4376208426961745,2.8217535716440985,0.14985123242985096,0.0846068838375463,-0.4584893958430865,0.29477547110719765,-0.030706446617790997,-0.5366438190471511,0.04209152523586623,2.6529675087752116,3.6352898915111838,-3.5400540369297113,-0.968329663371206,1.5763358514001096
TCGA-L9-A443-01,-2.5504481734999427,0.99365969865689,3.3852114167464866,0.364401438029627,1.3173598255906056,-1.8191726549285447,4.268033880564985,3.3190777951257995,2.227614304465663,-2.171555320498395,-2.5624847268084125,1.2479992315879358,0.9201414809788862,0.591813062222424
TCGA-L9-A444-01,-2.9550630187237514,-4.899183473139055,2.388441335326486,2.7185314214041782,-4.090813678475955,-1.2140967901344502,3.557143163178561,4.925408785591865,1.5058251561737206,-3.71901755195525,-1.4350928754809498,1.620220322332449,-5.003103323933337,-2.1273113513119872
TCGA-L9-A50W-01,-2.5887432691204997,-0.3003793885284994,0.15554257012031839,4.0447648628147395,1.786226992956487,-2.4777649672974524,-0.588412853351256,-0.9259344738971308,-0.5086354560110825,-1.6908816115893,3.651712799888317,-2.4143668360965043,3.1179164989173698,2.399899549790435
TCGA-L9-A5IP-01,-0.984301574927433,-6.489508774232131,-2.0820718146396517,0.37205394397899605,-0.6137196830797136,-2.2255881152834593,4.819788236379853,-0.23408048596606307,-1.1264246544402947,-2.3100319380036236,-1.4952913214585843,5.197663993457522,0.28402783602109277,1.24970664687875
TCGA-L9-A743-01,-2.4034775484858155,3.3684549160242976,-0.3906041730851103,0.3419848154558603,0.10861339703481498,-1.3925858404460647,-0.6318645446803879,0.11175683005107621,-0.7445389872323877,-0.4292226645228318,-2.0768164363882584,1.850762271087023,-0.6349822015222819,-1.6554513625447176
TCGA-L9-A7SV-01,-3.704720783887303,-7.133817807619619,5.742991081805107,-3.931653819883254,-10.899959567037477,4.565729199390629,4.122256118074868,4.278964191232897,-4.982193338546223,-6.391422429018384,-10.096351031686105,2.862740638781932,0.5592223751681117,-2.35872421178648
TCGA-L9-A8F4-01,-1.1517351437017114,-0.03557161630956812,1.008104090598554,0.35700675765818135,-0.44803334385749033,0.13785890841566506,-5.748956108632139,2.4236780366490964,1.0006484882803148,-0.44385634780253536,1.2136837857591152,0.021467144895347515,-1.7073419264906808,-0.244032312516556
TCGA-LA-A446-01,2.928034675831862,0.8461074186187769,-0.1399351344985283,0.4120487026808306,0.1734697804979968,0.6442056938671361,-2.8452246242178627,1.6520385646442697,-2.4919867769110264,0.4095604650118901,2.516962566676036,-1.0307975678301189,1.799797214167115,2.3146597412112784
TCGA-LA-A7SW-01,2.1360795539825994,-3.4298528748879886,0.808415847737539,-3.5264753202671444,3.779174828909054,2.8240706312602755,4.886425133919924,-7.967980404346277,1.1632409362191733,1.1519556827122837,-3.274921639619872,5.438922274928841,-1.3319286621255453,1.3281482768085122
TCGA-MF-A522-01,6.082709090599379,-8.222559377717937,3.0934158795041182,-2.3427388864836374,10.347250245066704,-13.75479679302395,8.439059104873808,7.547232321381732,-5.626654138555151,3.9769487634869525,-3.6159709824846025,-5.93759777517346,-1.3619065339265577,-0.7052758381446442
TCGA-MN-A4N1-01,-1.3934213023890494,-3.7006864915580793,0.6332563411460866,-3.834843073483525,7.061134088990445,-1.0948198314811044,6.44549556287348,1.239949028643588,-1.966848880534563,-15.023885672603472,4.100903112431118,-0.8335657151650486,-0.9258850966828394,-1.9993778403449423
TCGA-MN-A4N4-01,-0.927388171544128,-1.849626055068759,0.32985057146353974,-3.4516877703050985,1.9247948211855246,1.848655007364456,3.296406409733762,0.9909618396230702,-3.0813737650777444,-2.353331113812171,-0.7862449765451266,0.595911967634505,-1.9318254037490779,-1.2431528970619914
TCGA-MN-A4N5-01,-2.672259325977864,-2.1201776215210018,0.6889125308302045,-0.0973450140450207,-0.8164687360371415,0.48914944866613697,-0.09603308728358491,0.22397377745487104,1.7173075112166636,-1.670081107584477,1.835568014179499,4.112192650315723,0.47491789635800535,-0.28762740744784887
TCGA-MP-A4SV-01,-1.7923722908417516,-0.6796975381923286,1.1000110802687393,3.0900135321115028,-0.005527773693027475,-2.2193908841790444,-1.414616323800698,2.442653159386421,0.823075845427458,1.5629885644974144,-1.2204515905721909,0.6892654012197988,-0.5428934758758751,-1.1225785179530692
TCGA-MP-A4SW-01,-2.639901246879398,0.8627361845913339,1.0490693151434343,2.969878340232042,1.8384535898934515,1.575611084228319,-0.830968394506912,0.4722275502111449,-0.4923096079051626,2.221788543461257,2.842345479120989,4.835775667372911,0.8914153484532966,-0.8989312769280612
TCGA-MP-A4SY-01,-1.419749742691344,1.9598711662399764,-0.8054102937772902,1.6166879266218928,2.033922281982646,1.1721442486480667,0.44650509672647226,0.0846848012612494,-1.7679469735530307,-0.08341863776829828,-0.6052886115498264,0.3213505591549987,1.0664501522549095,-0.7915682429751512
TCGA-MP-A4T4-01,-1.6686144568516674,1.0119608044111645,-1.6175229510986329,2.5587276780910577,-0.7815588957393184,-2.330691016215118,-2.3062667542070665,-0.45852279009635505,-0.8913398564962761,0.9277155613326216,-1.6591926149187786,3.114202004477105,-1.0980594851819994,-0.18604066376601475
TCGA-MP-A4T6-01,-3.317775896770893,-2.8087114765064074,2.969593860554931,-1.804285419361837,1.1011611182483914,-3.7799657620715656,3.616009827144297,-1.582070611001264,-0.7578306527968764,-2.2332474436140153,-3.9167286805931134,-1.4125996144479867,0.790429127625628,0.30400650350870206
TCGA-MP-A4T7-01,-2.027870427546612,0.11821275105727944,1.0060895535161705,-2.26659916750328,1.6913112500208596,-0.017264181667673885,2.1049047335402915,0.7151645676536325,0.11503740010192494,2.8306251041340436,-0.28035329034946477,0.0734763787261767,1.4440190642599802,-0.41358496998701016
TCGA-MP-A4T8-01,-2.393366149172698,-5.94794057673751,1.3889715364320663,-0.10287031564094362,-0.3317577925194152,2.1159810021431045,2.896680280263227,-3.135875366621028,0.7411267717483083,-1.396906634300348,-7.771157600975624,1.0515493176552033,-0.41306388897757057,0.15711299098909304
TCGA-MP-A4T9-01,-1.8149773292624525,1.8400976958304034,-1.2852194399812744,0.12895128228835234,-0.09380258858830148,-0.3296776310346278,0.6418484615522931,-1.4901028753145003,0.4048029790184364,-0.9814325624879368,2.1211042105425197,-2.497188045075572,0.2555330666878356,2.2744551430806728
TCGA-MP-A4TA-01,-1.327231230119597,-1.813492361942308,-1.3051341252054498,-1.973138767620628,1.3660164339081253,-0.15518422606461738,-3.8775161409758576,-1.2041357739000964,1.1408851876138897,-1.135440459605419,-2.1992210943250146,-0.35471591680906617,0.06542930736971993,-1.5351175176911311
TCGA-MP-A4TC-01,-1.7188837673139972,-1.7501370462181376,-2.6238778407269194,-0.7098215911370326,-0.7883274074835365,1.5863607630273706,0.8007140133839058,-0.8192616719739453,-2.3420172678006286,-0.3980564718541659,1.5293414914231334,1.8497458395704969,-1.1641016176653587,0.4251731147108635
TCGA-MP-A4TD-01,-2.3822802422484806,0.7035262189939403,3.176492646428374,3.61765568016829,0.5015977357197502,0.9220344499326956,0.7650816385668125,-2.4905012969421922,1.2882807833067271,0.3892209932019515,-1.4214204298759676,0.7499679548564626,-0.9462361458885111,1.001558419923728
TCGA-MP-A4TE-01,-1.8634682061229326,-6.675744861867724,6.589867681163688,4.564367750587377,6.701161383939238,1.222509564601325,2.672977274420099,0.3381799932423116,3.559064428586407,3.0665961572532123,-2.3737586267808752,0.34590171657054414,0.07319000799144053,-1.3573636175689885
TCGA-MP-A4TF-01,-0.7749513799516277,-3.3834803668370346,-1.9727752526188718,-0.1345427610380152,2.26779010831263,0.5015741962432759,-1.5482610998126445,0.8487834023403552,1.7828928072485462,1.0052679897840935,0.2983961380205014,0.35218379482142326,1.6881264632299677,-1.2480187685157815
TCGA-MP-A4TH-01,-3.0810202695693376,0.6731560833162153,2.256274171185791,0.24354266810854153,-1.0971106234986077,1.0658210478981824,-0.7268224168475513,0.293885134384902,-0.21806050436832689,2.1985336403777387,2.2916269835984533,0.16371666935840992,-0.9712437316899691,0.4728876819793689
TCGA-MP-A4TI-01,-1.3633162417897318,0.4849376188959441,-3.4023788182468984,-0.1882015998303038,0.9798214628809042,-0.6208792857227592,-0.6451052997558416,-0.8332891706960812,1.8097254253091402,1.8025965986790207,0.0420157130640076,0.14143557014366945,-3.541816688216809,-1.3286505439939436
TCGA-MP-A4TJ-01,-2.4743609692136546,4.308948115210441,1.5723163858555207,0.4600473988407595,0.3169560551239989,-3.2667733034385957,-1.7189572706799308,-0.44512788584412877,1.4052148917593126,0.06291690548448046,-3.466217163006991,3.310805361819267,-1.9286414583036209,-2.817552585356129
TCGA-MP-A4TK-01,-1.4315887085790935,0.5208747779463869,-0.983414985912165,2.1106856585469864,-1.9740274087031002,-0.16094941643106372,1.3103381844093487,-3.7639446596474433,-0.07079962403098308,-1.5518033284656108,1.6918166675316735,-1.4730776098414906,-2.428879288337336,-0.38273115405464825
TCGA-MP-A5C7-01,-2.8305864429720744,-4.472921626237722,5.023373329567172,-1.5342593976258192,-2.6659303492819864,0.8084760446018718,6.567446900990466,2.4127070588674577,0.8172391273792817,2.834253644846329,-5.6338766026340705,-6.263300933402479,3.391631137717532,-0.2488911138261862
TCGA-NC-A5HD-01,4.896814344201808,0.7081869151906592,3.620030060143956,6.957584440160337,0.2282361473063201,5.393550393080333,-0.6915422905247294,0.12845813766111067,-0.26920023657514563,-1.7299533057207401,-0.945568274260797,-2.873206802586294,2.5126962961263697,1.661010160814518
TCGA-NC-A5HE-01,0.5735815274494357,-1.8757596175616353,-1.019788553995984,-2.6215458916779633,-3.140645180194745,-2.836276830293936,-0.9813592917089711,-1.1762536689286742,3.01328976912681,1.0351454064741539,-2.370510396926018,0.23942515486275326,-3.4090951319212,-3.616919372906619
TCGA-NC-A5HF-01,1.9059121706839068,1.5945248611491516,-1.799954963582994,0.18785993441697582,3.224572412514916,5.090813389130442,-0.9745868522075343,-1.0905260742891842,-5.751967072275405,-4.584097251982242,-4.453825051213319,3.8685292963508053,4.891035297513558,-4.968197198572147
TCGA-NC-A5HG-01,2.83276252479143,-8.903681820400482,-4.924528338454816,7.307596883201819,0.964681013830046,-3.1210477785342112,-1.978745166018591,-6.666918777213255,-4.75037843814369,-0.24894510841666714,-5.362174478623282,1.755358389534981,5.99437310079023,7.128911481203825
TCGA-NC-A5HH-01,2.686385741669466,-4.1752975398100265,4.677370702944137,-4.76192606272232,1.7920377781058894,6.077400986672285,-0.7168463538848528,3.023266382063158,-4.649553480300274,-2.2163268118292145,-5.261372875969764,3.772098859189845,-3.201724879673086,-2.5762408860852926
TCGA-NC-A5HI-01,3.0563574584993605,-0.17311582275459414,-2.817635269180423,-2.487206572464272,1.3805624684284634,-2.3586726120820636,-4.573714139245685,4.515965277488062,2.1773889041817682,-2.650508746578242,-1.7354612295912664,-2.395846364521019,3.482066546881439,1.7181439384451975
TCGA-NC-A5HJ-01,-1.6186008431717451,2.1618350162429905,2.7287091007069453,-1.4317457757183631,0.6669251312649408,-0.3293174603859298,-2.3478398912720944,-0.8661450911634746,0.659684865835734,1.165442323780838,0.766389304648582,0.7299770283957542,-1.853321293517634,-0.14916440256667907
TCGA-NC-A5HK-01,1.4866250902007867,-2.5105182711361738,-2.7551872722291457,-3.6588017769098884,-0.06084315241177123,5.236967663885569,-7.459794817939218,2.281901146487514,-4.909267855789805,-0.45232832071017404,-2.3237104019755073,-0.8768387048832585,2.541873113207012,-4.238759494667665
TCGA-NC-A5HL-01,3.515434877289911,-0.8216016648887969,5.426625393924099,-1.8974973106724564,-6.714800855017464,-9.046075877364391,-6.2084913645674895,-9.036074092197442,-0.19631333936691617,5.924415615495636,12.570096131101213,9.191963057352556,0.39675110132788277,-0.8903628092221462
TCGA-NC-A5HM-01,2.212256662605293,-2.0593664158099427,-2.6927786399167695,-0.9006045845323769,2.5384382476692116,-1.142703286309503,-4.821098747252996,4.264480244018377,-0.36301908924547144,-3.3788369527044377,-0.5287717608079499,-0.4500627289532373,1.4868672191332264,-0.1945227017279056
TCGA-NC-A5HN-01,4.651804701607755,-2.209947057448587,-2.380231125322052,0.0078656942314583,-0.8535579042039959,1.0412681135182789,-0.3597803189742857,1.8917005712938397,1.1269623748475044,-3.738424122150096,4.4135795357840415,1.8344866341113417,3.212508869969112,-3.2332345646961516
TCGA-NC-A5HO-01,3.436362185048939,-1.1228577377770645,-2.2411175250043045,-3.7524468650772294,2.4604144053525134,-1.059810569311544,-1.977101362107053,-2.9650836955622197,2.148830107992016,5.893097800613096,-2.330710541563733,-0.18272961005104846,2.552205381813314,-6.263119630644305
TCGA-NC-A5HP-01,3.0496387984201108,0.23768982222951138,1.335216885958367,1.8411463437775248,-4.270201784005406,-1.4659039916970402,7.172255260403502,1.900951940531001,3.4681465267795675,-2.052886886413354,2.1809316974735706,2.3002204671235433,2.3466059408819055,1.9384414581769203
TCGA-NC-A5HQ-01,3.909516817452597,0.4078205398757448,1.9337281300909428,2.9039742690844945,1.998320809958426,-4.321881914366524,0.48973462715765403,4.691590296958484,-0.8735355747500436,3.6786849769110725,1.8230444848552196,-0.5856813237856838,-0.46046277922919876,-3.994822532901562
TCGA-NC-A5HR-01,2.983995203436625,-3.2100742507034523,5.30097716937215,-3.833647708819937,-2.8212535004395813,-10.79232257267845,-2.643974496671832,11.618091790040111,2.623647650526888,5.507690143110288,7.931499544840242,11.164294382952264,5.082401470509307,6.093716741491784
TCGA-NC-A5HT-01,2.2378263849843734,-0.520813586050175,1.8087041835221223,5.7240997561182185,1.9294092839861616,5.3009064982620755,-4.587330834284802,-3.346884881303453,-1.0004407002062856,4.094056509490691,-1.7250717700214542,2.1905962156761674,5.463013634719463,-4.125383772534083
TCGA-NJ-A4YF-01,-1.885044098416005,-7.6369365105594085,3.9339827110465255,8.487596401402312,-1.018908934835457,2.788408384774453,-4.5170694961080935,5.894043223262147,1.1726757370381924,-1.9361142539105538,2.129515363186169,4.20428050859122,1.2916204059841454,-1.5658339554490595
TCGA-NJ-A4YG-01,-2.441923197612558,-0.7353039954313585,0.17454940938606126,3.897994478362616,-0.3992256509983758,2.66226976624261,2.3149613142216285,1.5474618010527716,-0.6587146689018268,3.2415256472312786,1.9741171492808507,0.7107786166232709,0.5639642626116601,-0.751450604288335
TCGA-NJ-A4YI-01,-3.0333191162355306,-2.3881584371288223,1.49504627073904,-3.8296169446571593,-4.1200124358721455,-0.05200814269842757,5.056658675423447,2.780109991671274,0.3603168542370747,3.687727419412053,-1.6961392850209946,-1.5365862189936224,2.174085216646414,0.7477565045492752
TCGA-NJ-A4YP-01,-1.7912994856881528,-2.49734494636252,-0.2861851500340133,-2.5614660536119263,-2.1875180642394025,0.1262506833356657,4.16532001463725,0.7987957811814285,1.3689752171483103,2.5959585320158087,-2.3729710554828314,-0.750710660894685,0.03899133127008056,0.8637487271882356
TCGA-NJ-A4YQ-01,-2.0429971737876014,-1.6275290361501813,-1.0272787916592814,-0.6499940422743145,-2.3056806372852665,-1.8606312315876374,-3.2439011649649516,0.29672406072036145,1.9652685020749752,-0.11956092081991962,-2.2311831873936945,-0.6680873278068987,-1.6154161151618138,-0.8830780675855601
TCGA-NJ-A55A-01,-2.2600118356235486,7.546946458463525,2.439338700600025,0.11156831936011476,1.3981772044549843,-3.687697989800098,-0.3780821170990675,-0.11531451768488683,-0.0001298389245098171,-1.3211243662770173,-4.902122167753312,1.405117418775996,1.782432537245693,-0.9133965111879422
TCGA-NJ-A55O-01,-2.2677579806856145,0.28834669899770704,1.0774677600725806,-2.820671085933456,3.477713723416907,0.03648213556378022,1.324410480067885,-0.9624547201560172,-0.33571461330847563,2.7845176629254706,2.404815902060733,-2.847143019434348,0.4552679255045638,0.32089275902553394
TCGA-NJ-A55R-01,-2.010385863729517,-0.08424622987084837,5.502582723577142,-2.7017586144534067,0.1280176382374223,0.9860256691848418,-0.6587814254289456,-2.2313688773812994,1.4765757736134488,-0.2958903073459017,-4.184690041385051,-3.3662542112231204,-0.9487418284631057,1.5026060358066107
TCGA-NJ-A7XG-01,-2.650686697177335,-1.7941615544618847,0.8544772033203795,-2.6250648335646942,2.728480417342275,2.3293074577904695,1.9068096186253505,-0.39509396892820636,-2.022875591024585,2.1113020530933913,-0.5641547871808775,-2.5893920163512663,5.2195568132432815,-1.7129830761390714
TCGA-NK-A5CR-01,5.419173629625255,-2.5038947962667892,1.449696174970412,8.57348655146489,-4.8439406614688565,-5.610284744854083,-3.316219924212739,-11.086269957423148,-9.214732108223204,3.1074049739533236,2.087568354436547,-3.4032316623480043,5.630239537662436,2.609826467335357
TCGA-NK-A5CT-01,0.3606153136496064,-3.358118049581189,-5.511672227450486,-7.866872343820618,3.0349575981078276,4.035014880184785,-1.7422785226506947,0.27799886857984635,-4.691914649526452,-0.015602468910957196,-0.7659163427474163,4.207862340981121,2.7364263049772175,-3.806403074522129
TCGA-NK-A5CX-01,1.81241395323284,2.016414707535836,-2.58921394626652,3.668605520050614,-0.018211088128887918,2.37333658664885,-0.3721023401028381,0.17858052009204992,0.18999056296425682,0.724503616177076,0.39588014725836645,4.884221736553681,0.589143845963036,-0.8317462675430634
TCGA-NK-A5D1-01,1.5098825840215047,0.9259551333348834,3.639061431719039,-0.17544061072610095,0.420415508466264,-1.0486811341743503,-7.9040604506353915,2.178827488289761,2.619276524200226,-2.1006878277269734,-1.354877219915059,-6.563734126936997,1.7138955055566,-1.3875781347586351
TCGA-NK-A7XE-01,2.5595647175184966,-4.8816933235344075,0.9781928517217531,-3.6946022097383167,10.332567390291345,-1.3208495376679132,4.811403157505519,3.7864524835441626,3.372513998546445,-1.9807072123733622,-0.6433392431910065,1.8064313041466442,-2.0337855143277563,-2.1765069357313824
TCGA-O1-A52J-01,-3.102975684617023,0.4560715510725987,0.3360113582461109,-1.5656172092385712,-3.400896357835859,-1.2890108354781524,-1.033066672463646,1.1353154737191318,-2.275665593972716,0.5114059500916099,3.2679129214582203,-6.294376561871058,2.8597868102419706,-1.5356722599262063
TCGA-O2-A52N-01,2.42011985820613,-0.4711189964015137,-1.8799638717078788,5.129126413513774,1.5029528572224666,-0.744229225911852,2.2867254300525466,6.264462435548589,7.723439965128789,-9.432031450837485,5.290113641676893,-0.36571605518966593,-0.22403837898771636,1.2278038358048673
TCGA-O2-A52Q-01,-0.9781279047279042,-4.677036377981721,-6.098605221418496,6.210809507470447,-0.901161411529258,0.6447313450187467,-4.205812826054213,-1.2021847954140223,3.5119917298682353,-0.6397700855315895,0.45614140905038747,2.271852254620676,-1.3169423866223549,-1.9876836529738533
TCGA-O2-A52S-01,2.439643244779971,-2.158037448380251,0.7900222335934114,0.45633119040487274,-3.799653394368436,-1.928084856950398,-2.093668633487399,-3.868677923101958,5.840607510861557,-0.23919217939385137,-3.920749226703509,-4.088465779295519,-1.7965283764092965,-2.6895755013226754
TCGA-O2-A52V-01,2.9732559635659315,1.6307068723083582,-2.187212498537603,-0.9252941270719331,-1.052913133336845,0.6095049443954498,-0.6237727239142888,-2.6487390281557137,2.3042190261867184,0.35758044117489424,-0.48473303483056157,-1.289662965480308,0.2774346214623129,0.8127136281023053
TCGA-O2-A52W-01,3.048618849915188,-0.050920920218462576,0.6256766852704684,1.6514942144808429,8.309443485500857,-2.148393083903757,0.12854559715698352,3.547559778822078,-0.4273143795287909,0.2841923840618769,1.3377315592232606,3.010133576061844,1.116183398890659,2.047569445082378
TCGA-O2-A5IB-01,0.46646425672680863,-6.014938851567116,8.133819899096157,-7.02544170968356,-1.4560000926592875,1.620175530209246,4.473730821190197,4.40666464899798,1.7755880560415365,6.627874251197831,-11.786661727496629,-1.0873316074104988,-0.44623624005032453,3.021194705079909
TCGA-S2-AA1A-01,-1.9008608398476852,2.634959267031796,2.099473999135526,0.3435831186488441,0.2534903048825212,-4.645496331283963,0.08842162232038611,1.4400724187739165,-1.2268735523389576,-2.210693350634023,0.7200494080299735,-1.7126288113539547,-1.870190665381219,1.8459665270729866
TCGA-XC-AA0X-01,1.3217393085059574,5.133960077644411,1.0199140575851795,-3.226802484077163,-0.4352381288248846,-0.17792123960762135,0.5590984191469492,-2.7084498825959873,0.7089915599278572,1.4950996345548686,0.9178838566491311,6.307063035432674,0.43105792776871016,2.225014064183156
